1-qid,two_realRank,two_realRank2,State,LambdaMART,LambdaRank,ListNet,MART,RankBoost,RankNet,CordAscent,LinearReg,RandomFor,ndcg_term_LambdaMART,ndcg_term_LambdaRank,ndcg_term_ListNet,ndcg_term_MART,ndcg_term_RankBoost,ndcg_term_RankNet,ndcg_term_CordAscent,ndcg_term_LinearReg,ndcg_term_RandomFor
2006,1,1,Alaska,20,1,3,1,1,32,1,1,1,0.227670249,1,0.5,1,1,0.198239863,1,1,1
2006,2,2,Nebraska,9,1,19,2,20,9,34,10,2,0.150514998,0.5,0.115689107,0.315464877,0.113835124,0.150514998,0.097479511,0.144532413,0.315464877
2006,3,3,Alabama,7,1,4,3,3,14,14,2,3,0.111111111,0.333333333,0.143558853,0.166666667,0.166666667,0.085319342,0.085319342,0.210309918,0.166666667
2006,4,4,South Dakota,16,1,18,4,6,13,26,11,5,0.061162636,0.25,0.058852228,0.10766914,0.089051797,0.065662384,0.052577479,0.069735736,0.096713202
2006,5,5,Utah,35,1,5,5,2,1,16,3,7,0.038685281,0.2,0.077370561,0.077370561,0.126185951,0.2,0.048930108,0.1,0.066666667
2006,6,6,Tennessee,11,1,12,6,5,3,23,7,4,0.046490491,0.166666667,0.045039692,0.059367865,0.064475468,0.083333333,0.036350715,0.055555556,0.071779426
2006,7,7,Montana,10,1,15,7,4,5,22,4,6,0.041294975,0.142857143,0.035714286,0.047619048,0.061525223,0.055264687,0.031580676,0.061525223,0.050886741
2006,8,8,Nevada,2,1,9,8,29,8,13,6,9,0.078866219,0.125,0.037628749,0.03943311,0.025474381,0.03943311,0.032831192,0.044525898,0.037628749
2006,9,9,Texas,28,1,1,9,13,6,2,20,12,0.02287187,0.111111111,0.111111111,0.033447777,0.029183282,0.039578576,0.070103306,0.025296694,0.030026462
2006,10,10,New Hampshire,3,1,22,10,29,25,20,5,8,0.05,0.1,0.022106473,0.028906483,0.020379505,0.021274605,0.022767025,0.038685281,0.031546488
2006,11,11,Virginia,5,1,8,11,8,11,11,8,11,0.035168437,0.090909091,0.028678625,0.02535845,0.028678625,0.02535845,0.02535845,0.028678625,0.02535845
2006,12,12,Florida ,4,1,2,12,10,2,7,12,10,0.035889713,0.083333333,0.052577479,0.022519846,0.024088736,0.052577479,0.027777778,0.022519846,0.024088736
2006,13,13,Indiana,12,1,20,13,27,26,4,18,14,0.02078755,0.076923077,0.017513096,0.02020381,0.016001123,0.016177686,0.033128966,0.018108378,0.019689079
2006,14,14,Idaho,8,1,29,14,20,22,24,17,13,0.022533205,0.071428571,0.014556789,0.018282716,0.016262161,0.015790338,0.015381306,0.017129462,0.018760681
2006,15,15,Wyoming,39,1,25,15,28,4,3,35,20,0.012526788,0.066666667,0.01418307,0.016666667,0.013723122,0.028711771,0.033333333,0.012895094,0.015178017
2006,16,16,Colorado,1,1,13,16,19,15,6,9,17,0.0625,0.0625,0.016415596,0.015290659,0.014461138,0.015625,0.022262949,0.018814375,0.014988279
2006,17,17,Missouri,21,1,11,17,11,7,36,13,15,0.013190813,0.058823529,0.016408409,0.014106616,0.016408409,0.019607843,0.011291689,0.015449973,0.014705882
2006,18,18,Oklahoma,17,1,16,18,20,10,10,14,16,0.013322915,0.055555556,0.013591697,0.013078273,0.012648347,0.016059157,0.016059157,0.01421989,0.013591697
2006,19,19,North Dakota,14,1,35,19,12,12,5,25,19,0.013471475,0.052631579,0.010180337,0.012177801,0.014223061,0.014223061,0.020360674,0.011197161,0.012177801
2006,20,20,Iowa,15,1,21,20,14,17,25,19,18,0.0125,0.05,0.011212191,0.011383512,0.012797901,0.011990623,0.010637303,0.011568911,0.011770446
2006,21,21,Georgia,33,1,23,21,24,27,8,15,22,0.009360078,0.047619048,0.010385919,0.010678277,0.010254204,0.009905457,0.015022137,0.011904762,0.010526892
2006,22,22,Arizona,30,1,30,22,8,16,31,21,24,0.009174958,0.045454545,0.009174958,0.010048397,0.014339313,0.011120479,0.009090909,0.010192901,0.009788104
2006,23,23,Louisiana,37,1,7,23,7,18,27,23,23,0.008284844,0.043478261,0.014492754,0.009482795,0.014492754,0.01023517,0.009044113,0.009482795,0.009482795
2006,24,24,Arkansas,13,1,32,24,16,19,32,31,21,0.010943731,0.041666667,0.008259994,0.008972428,0.010193773,0.009640759,0.008259994,0.008333333,0.009343493
2006,25,25,Maryland,50,1,27,25,31,31,12,16,25,0.007051657,0.04,0.008320584,0.008509842,0.008,0.008,0.010809526,0.009786022,0.008509842
2006,26,26,Oregon,48,1,17,26,18,21,17,27,26,0.006850138,0.038461538,0.009223556,0.008088843,0.009054189,0.008624762,0.009223556,0.008000561,0.008088843
2006,27,27,North Carolina,29,1,38,27,34,41,33,28,29,0.007547965,0.037037037,0.007007421,0.007704244,0.007220705,0.006868482,0.00728006,0.007623957,0.007547965
2006,28,28,Pennsylvania,32,1,14,28,31,24,18,29,27,0.007079995,0.035714286,0.009141358,0.007351673,0.007142857,0.007690653,0.008407461,0.007278395,0.007429093
2006,29,29,Kansas,41,1,26,29,41,23,28,22,28,0.006394794,0.034482759,0.007252066,0.007027415,0.006394794,0.007520838,0.007098167,0.007622922,0.007098167
2006,30,30,Hawaii,38,1,34,30,16,30,15,26,30,0.006306679,0.033333333,0.006498634,0.006728303,0.008155018,0.006728303,0.008333333,0.007010331,0.006728303
2006,31,31,Washington,31,1,10,31,24,28,29,38,31,0.006451613,0.032258065,0.009324672,0.006451613,0.006946396,0.00664022,0.006574034,0.006103237,0.006451613
2006,32,32,Ohio,6,1,6,32,15,38,19,24,32,0.011131475,0.03125,0.011131475,0.006194996,0.0078125,0.005912511,0.007230569,0.006729321,0.006194996
2006,33,33,Minnesota,41,1,33,33,26,20,38,36,33,0.005619667,0.03030303,0.005956413,0.005956413,0.006373028,0.006899098,0.005733344,0.005816931,0.005956413
2006,34,34,New Jersey,36,1,49,34,45,49,48,30,35,0.005645845,0.029411765,0.005211289,0.005734089,0.005324782,0.005211289,0.005238341,0.005936738,0.005689012
2006,35,35,West Virginia,26,1,44,35,23,37,42,49,34,0.006008855,0.028571429,0.005202511,0.005526469,0.006231551,0.005444326,0.005265395,0.005062395,0.005570258
2006,36,36,South Carolina,41,1,28,36,33,29,21,39,36,0.005151362,0.027777778,0.005717968,0.005332187,0.005460045,0.005660974,0.006228995,0.005219495,0.005332187
2006,37,37,Vermont,22,1,45,37,42,34,43,40,37,0.005974722,0.027027027,0.004893043,0.005150038,0.004980779,0.005269163,0.00495052,0.00504466,0.005150038
2006,38,38,Kentucky,41,1,39,38,35,39,39,32,39,0.004880237,0.026315789,0.004944785,0.004978957,0.005090169,0.004944785,0.004944785,0.005216839,0.004944785
2006,39,39,Delaware,22,1,46,39,36,40,30,33,40,0.005668326,0.025641026,0.004616188,0.004817996,0.004922018,0.004785959,0.005175618,0.005040042,0.004785959
2006,40,40,Mississippi,24,1,40,40,37,33,37,42,38,0.005383457,0.025,0.00466631,0.00466631,0.004763785,0.004914041,0.004763785,0.004607221,0.004730009
2006,41,41,California,27,1,24,41,49,50,50,50,42,0.005073527,0.024390244,0.005252153,0.004523147,0.004321557,0.004299791,0.004299791,0.004299791,0.00449485
2006,42,42,New York,34,1,37,42,39,45,47,45,41,0.004641881,0.023809524,0.004536938,0.004387829,0.004473853,0.004310538,0.004263148,0.004310538,0.004415453
2006,43,43,Connecticut,47,1,48,43,47,47,45,34,43,0.004164005,0.023255814,0.004141944,0.00425975,0.004164005,0.004164005,0.004210293,0.004533931,0.00425975
2006,44,44,Michigan,49,1,50,44,38,44,35,37,44,0.004026905,0.022727273,0.004006624,0.004138361,0.004300008,0.004138361,0.004396055,0.004330714,0.004138361
2006,45,45,Massachusetts,41,1,47,45,46,46,46,48,45,0.004121089,0.022222222,0.003978938,0.004023169,0.004000696,0.004000696,0.004000696,0.003957858,0.004023169
2006,46,46,Illinois,40,1,41,46,50,48,49,47,48,0.004057661,0.02173913,0.004031501,0.003913724,0.003832422,0.003871817,0.003851822,0.00389244,0.003871817
2006,47,47,Maine,19,1,42,47,44,36,40,41,46,0.004922941,0.021276596,0.003921039,0.003809622,0.003874211,0.004084228,0.003971328,0.003945724,0.003830454
2006,48,48,Wisconsin,41,1,31,48,48,35,44,43,47,0.003863521,0.020833333,0.004166667,0.003710492,0.003710492,0.004029717,0.003793498,0.003816026,0.003730255
2006,49,49,New Mexico,18,1,36,49,40,43,9,44,49,0.004804264,0.020408163,0.003917525,0.003615996,0.003809233,0.003738148,0.006143469,0.00371608,0.003615996
2006,50,50,Rhode Island,24,1,43,50,42,42,41,46,50,0.004306766,0.02,0.003663385,0.003525829,0.003685777,0.003685777,0.00370898,0.003600627,0.003525829
2007,1,1,Alaska,23,1,3,1,1,2,2,1,1,0.218104292,1,0.5,1,1,0.630929754,0.630929754,1,1
2007,2,2,Nebraska,15,1,19,2,16,9,32,9,2,0.125,0.5,0.115689107,0.315464877,0.122325271,0.150514998,0.099119932,0.150514998,0.315464877
2007,3,3,South Dakota,3,1,15,3,5,7,29,4,3,0.166666667,0.333333333,0.083333333,0.166666667,0.128950936,0.111111111,0.067931682,0.143558853,0.166666667
2007,4,4,Tennessee,13,1,14,4,4,4,22,7,4,0.065662384,0.25,0.063989506,0.10766914,0.10766914,0.10766914,0.055266182,0.083333333,0.10766914
2007,5,5,Utah,7,1,5,5,2,1,15,2,5,0.066666667,0.2,0.077370561,0.077370561,0.126185951,0.2,0.05,0.126185951,0.077370561
2007,6,6,Montana,14,1,18,6,5,5,23,3,6,0.042659671,0.166666667,0.039234819,0.059367865,0.064475468,0.064475468,0.036350715,0.083333333,0.059367865
2007,7,7,Alabama,12,1,7,7,8,26,20,5,7,0.038605451,0.142857143,0.047619048,0.047619048,0.045066411,0.030044274,0.032524321,0.055264687,0.047619048
2007,8,8,Florida ,6,1,2,8,7,3,6,10,8,0.044525898,0.125,0.078866219,0.03943311,0.041666667,0.0625,0.044525898,0.036133103,0.03943311
2007,9,9,Arkansas,17,1,26,9,14,15,31,28,13,0.02664583,0.111111111,0.023367769,0.033447777,0.028439781,0.027777778,0.022222222,0.02287187,0.029183282
2007,10,10,New Hampshire,5,1,23,10,29,23,24,6,9,0.038685281,0.1,0.021810429,0.028906483,0.020379505,0.021810429,0.021533828,0.035620719,0.030103
2007,11,11,Indiana,9,1,13,11,15,11,3,13,10,0.027366363,0.090909091,0.02387723,0.02535845,0.022727273,0.02535845,0.045454545,0.02387723,0.026278621
2007,12,12,Nevada,4,1,9,12,29,16,18,8,11,0.035889713,0.083333333,0.025085833,0.022519846,0.016982921,0.020387545,0.019617409,0.02628874,0.023245245
2007,13,13,Missouri,24,1,6,13,9,6,35,11,12,0.016564483,0.076923077,0.027400553,0.02020381,0.023156154,0.027400553,0.014878954,0.02145715,0.02078755
2007,14,14,Virginia,1,1,10,14,28,20,21,15,14,0.071428571,0.071428571,0.020647488,0.018282716,0.014703345,0.016262161,0.016017416,0.017857143,0.018282716
2007,15,15,Colorado,2,1,17,15,18,13,9,12,15,0.042061984,0.066666667,0.015987498,0.016666667,0.015693928,0.017509969,0.020068666,0.018015877,0.016666667
2007,16,16,Idaho,16,1,33,16,24,24,26,20,17,0.015290659,0.0625,0.012285102,0.015290659,0.013458642,0.013458642,0.01314437,0.014229391,0.014988279
2007,17,17,Iowa,18,1,22,17,16,14,27,16,16,0.013847583,0.058823529,0.013003808,0.014106616,0.014391208,0.015056354,0.012236153,0.014391208,0.014391208
2007,18,18,Louisiana,10,1,11,18,3,21,8,14,20,0.016059157,0.055555556,0.01549683,0.013078273,0.027777778,0.01245799,0.017525826,0.01421989,0.012648347
2007,19,19,Texas,34,1,1,19,13,8,1,18,18,0.010261001,0.052631579,0.052631579,0.012177801,0.01382366,0.016603415,0.052631579,0.012389943,0.012389943
2007,20,20,North Dakota,19,1,34,20,12,10,5,19,19,0.011568911,0.05,0.009747951,0.011383512,0.013511908,0.014453241,0.01934264,0.011568911,0.011568911
2007,21,21,Georgia,35,1,24,21,10,28,10,17,21,0.009210781,0.047619048,0.010254204,0.010678277,0.013764992,0.00980223,0.013764992,0.011419641,0.010678277
2007,22,22,Wyoming,20,1,46,22,26,12,4,22,23,0.010348648,0.045454545,0.008183242,0.010048397,0.009559542,0.012283552,0.019576207,0.010048397,0.009913831
2007,23,23,Washington,33,1,4,23,22,27,25,29,25,0.008546158,0.043478261,0.018725068,0.009482795,0.00961151,0.009044113,0.009249828,0.008860654,0.009249828
2007,24,24,Arizona,36,1,25,24,10,17,28,26,24,0.00799828,0.041666667,0.008864419,0.008972428,0.012044368,0.009992186,0.008576951,0.008762913,0.008972428
2007,25,25,Oklahoma,21,1,20,25,35,22,11,21,22,0.008969753,0.04,0.00910681,0.008509842,0.007737056,0.008842589,0.011157718,0.008969753,0.008842589
2007,26,26,Pennsylvania,37,1,12,26,23,25,17,30,26,0.0073289,0.038461538,0.010393775,0.008088843,0.008388627,0.008182541,0.009223556,0.007763426,0.008088843
2007,27,27,North Carolina,32,1,39,27,32,44,30,31,28,0.007342217,0.037037037,0.006959327,0.007704244,0.007342217,0.006743996,0.007475892,0.007407407,0.007623957
2007,28,28,Kansas,8,1,28,28,40,19,37,24,27,0.011266603,0.035714286,0.007351673,0.007351673,0.006666158,0.008263508,0.006805408,0.007690653,0.007429093
2007,29,29,West Virginia,25,1,42,29,20,32,39,36,29,0.007336071,0.034482759,0.006354787,0.007027415,0.007850698,0.006835857,0.006479373,0.006619266,0.007027415
2007,30,30,Maryland,11,1,21,30,37,39,19,25,30,0.009298098,0.033333333,0.007474794,0.006728303,0.006351714,0.006263394,0.007712607,0.007091535,0.006728303
2007,31,31,Ohio,31,1,8,31,19,34,7,23,31,0.006451613,0.032258065,0.010176286,0.006451613,0.007463813,0.006289001,0.010752688,0.007035622,0.006451613
2007,32,32,Oregon,41,1,16,32,36,29,13,33,33,0.005795282,0.03125,0.007645329,0.006194996,0.00599871,0.006368595,0.008207798,0.006142551,0.006142551
2007,33,33,Minnesota,41,1,29,33,21,18,34,38,32,0.005619667,0.03030303,0.006175607,0.005956413,0.006795267,0.007133603,0.005907849,0.005733344,0.006007269
2007,34,34,Mississippi,29,1,38,34,31,33,36,41,35,0.005993972,0.029411765,0.005564716,0.005734089,0.005882353,0.005781224,0.005645845,0.005454383,0.005689012
2007,35,35,Vermont,26,1,44,35,41,31,43,42,34,0.006008855,0.028571429,0.005202511,0.005526469,0.005298544,0.005714286,0.005233407,0.005265395,0.005570258
2007,36,36,Hawaii,49,1,35,36,27,38,14,27,36,0.004921773,0.027777778,0.005372956,0.005332187,0.005778183,0.005255566,0.007109945,0.005778183,0.005332187
2007,37,37,South Carolina,41,1,27,37,25,36,16,32,37,0.005012136,0.027027027,0.005622016,0.005150038,0.005749893,0.005188074,0.006612177,0.005357834,0.005150038
2007,38,38,New Jersey,47,1,48,38,43,48,48,39,38,0.004711901,0.026315789,0.004686937,0.004978957,0.004820243,0.004686937,0.004686937,0.004944785,0.004978957
2007,39,39,Delaware,26,1,45,39,34,37,33,37,39,0.005392562,0.025641026,0.004642118,0.004817996,0.004998949,0.004885934,0.005040042,0.004885934,0.004817996
2007,40,40,Connecticut,48,1,47,40,45,47,45,35,41,0.00445259,0.025,0.004476306,0.00466631,0.004526065,0.004476306,0.004526065,0.00483566,0.004636226
2007,41,41,Maine,22,1,40,41,42,30,40,43,40,0.005391823,0.024390244,0.004552498,0.004523147,0.00449485,0.004923148,0.004552498,0.004467543,0.004552498
2007,42,42,New York,38,1,32,42,47,42,47,46,42,0.00450477,0.023809524,0.004719997,0.004387829,0.004263148,0.004387829,0.004263148,0.00428646,0.004387829
2007,43,43,California,30,1,30,43,49,49,50,50,44,0.004694165,0.023255814,0.004694165,0.00425975,0.004120554,0.004120554,0.004099801,0.004099801,0.004234602
2007,44,44,Michigan,50,1,50,44,37,45,38,40,43,0.004006624,0.022727273,0.004006624,0.004138361,0.004330714,0.004114604,0.004300008,0.0042421,0.004162938
2007,45,45,Massachusetts,41,1,43,45,44,46,46,47,47,0.004121089,0.022222222,0.004070428,0.004023169,0.004046398,0.004000696,0.004000696,0.003978938,0.003978938
2007,46,46,Kentucky,46,1,37,46,39,43,41,34,45,0.003913724,0.02173913,0.004142422,0.003913724,0.004084822,0.00398194,0.004031501,0.00423824,0.003935709
2007,47,47,Wisconsin,41,1,31,47,48,35,44,44,46,0.003945724,0.021276596,0.004255319,0.003809622,0.003789438,0.004115455,0.003874211,0.003874211,0.003830454
2007,48,48,Illinois,40,1,49,48,50,50,49,45,49,0.003888592,0.020833333,0.00369133,0.003710492,0.003672738,0.003672738,0.00369133,0.003771721,0.00369133
2007,49,49,Rhode Island,28,1,41,49,46,41,42,48,50,0.004200956,0.020408163,0.003784674,0.003615996,0.003674109,0.003784674,0.003760997,0.003634767,0.003597784
2007,50,50,New Mexico,39,1,36,50,33,40,12,49,48,0.003758036,0.02,0.003839174,0.003525829,0.003931233,0.003733048,0.005404763,0.003543676,0.003562072
2008,1,1,Alaska,25,1,2,1,1,1,2,1,1,0.212746054,1,0.630929754,1,1,1,0.630929754,1,1
2008,2,2,Nebraska,8,1,17,2,13,7,27,4,2,0.157732438,0.5,0.119906233,0.315464877,0.131324768,0.166666667,0.104007299,0.215338279,0.315464877
2008,3,3,South Dakota,1,1,9,3,5,4,31,3,3,0.333333333,0.333333333,0.100343332,0.166666667,0.128950936,0.143558853,0.066666667,0.166666667,0.166666667
2008,4,4,Indiana,10,1,16,4,4,6,3,13,5,0.072266207,0.25,0.061162636,0.10766914,0.10766914,0.089051797,0.125,0.065662384,0.096713202
2008,5,5,Utah,17,1,5,5,2,2,15,2,6,0.047962493,0.2,0.077370561,0.077370561,0.126185951,0.126185951,0.05,0.126185951,0.071241437
2008,6,6,Tennessee,13,1,15,6,6,5,19,11,4,0.043774923,0.166666667,0.041666667,0.059367865,0.059367865,0.064475468,0.038563036,0.046490491,0.071779426
2008,7,7,Montana,15,1,20,7,3,10,21,5,7,0.035714286,0.142857143,0.032524321,0.047619048,0.071428571,0.041294975,0.032034832,0.055264687,0.047619048
2008,8,8,Nevada,1,1,7,8,26,16,17,9,9,0.125,0.125,0.041666667,0.03943311,0.02628874,0.030581318,0.029976558,0.037628749,0.037628749
2008,9,9,Idaho,16,1,23,9,9,14,25,18,8,0.027183394,0.111111111,0.02423381,0.033447777,0.033447777,0.028439781,0.02363845,0.026156546,0.035051653
2008,10,10,Florida ,1,1,3,10,16,9,11,10,12,0.1,0.1,0.05,0.028906483,0.024465054,0.030103,0.027894295,0.028906483,0.027023815
2008,11,11,New Hampshire,1,1,24,11,31,23,24,7,10,0.090909091,0.090909091,0.019576207,0.02535845,0.018181818,0.019827663,0.019576207,0.03030303,0.026278621
2008,12,12,Oklahoma,12,1,19,12,21,12,12,15,14,0.022519846,0.083333333,0.019281518,0.022519846,0.018686985,0.022519846,0.022519846,0.020833333,0.021329835
2008,13,13,Missouri,22,1,8,13,7,3,30,8,13,0.017004979,0.076923077,0.024266529,0.02020381,0.025641026,0.038461538,0.015526853,0.024266529,0.02020381
2008,14,14,Virginia,1,1,12,14,22,18,22,14,15,0.071428571,0.071428571,0.019302725,0.018282716,0.015790338,0.016814922,0.015790338,0.018282716,0.017857143
2008,15,15,Alabama,14,1,14,15,11,25,18,6,11,0.017063868,0.066666667,0.017063868,0.016666667,0.018596196,0.01418307,0.015693928,0.023747146,0.018596196
2008,16,16,North Dakota,18,1,33,16,13,11,10,22,18,0.014713057,0.0625,0.012285102,0.015290659,0.016415596,0.017433934,0.018066552,0.013816546,0.014713057
2008,17,17,Iowa,19,1,21,17,13,13,23,17,16,0.013610483,0.058823529,0.013190813,0.014106616,0.015449973,0.015449973,0.012829664,0.014106616,0.014391208
2008,18,18,Colorado,7,1,11,18,12,15,8,12,17,0.018518519,0.055555556,0.01549683,0.013078273,0.015013231,0.013888889,0.017525826,0.015013231,0.013322915
2008,19,19,Texas,6,1,1,19,20,8,1,16,19,0.018747747,0.052631579,0.052631579,0.012177801,0.011982645,0.016603415,0.052631579,0.012876344,0.012177801
2008,20,20,Kansas,9,1,28,20,40,20,38,24,21,0.0150515,0.05,0.010292342,0.011383512,0.009332621,0.011383512,0.009460018,0.010766914,0.011212191
2008,21,21,Arizona,34,1,26,21,25,24,32,29,25,0.009283763,0.047619048,0.010014758,0.010678277,0.010130764,0.010254204,0.009439993,0.009704526,0.010130764
2008,22,22,Arkansas,24,1,25,22,17,21,26,26,20,0.009788104,0.045454545,0.009670275,0.010048397,0.010900567,0.010192901,0.009559542,0.009559542,0.010348648
2008,23,23,Pennsylvania,35,1,10,23,32,29,7,19,23,0.008409844,0.043478261,0.012568036,0.009482795,0.008619124,0.008860654,0.014492754,0.010059922,0.009482795
2008,24,24,Georgia,36,1,29,24,22,32,9,20,24,0.00799828,0.041666667,0.00849146,0.008972428,0.00921103,0.008259994,0.012542916,0.00948626,0.008972428
2008,25,25,Louisiana,11,1,13,25,8,26,6,21,22,0.011157718,0.04,0.010505981,0.008509842,0.012618595,0.008412397,0.014248287,0.008969753,0.008842589
2008,26,26,Wyoming,20,1,41,26,24,22,4,30,27,0.008756548,0.038461538,0.007132655,0.008088843,0.008282242,0.00850249,0.016564483,0.007763426,0.008000561
2008,27,27,Minnesota,42,1,27,27,18,19,36,35,29,0.006825512,0.037037037,0.007704244,0.007704244,0.008718849,0.008569563,0.007109582,0.007163941,0.007547965
2008,28,28,Ohio,31,1,4,28,10,17,5,23,26,0.007142857,0.035714286,0.015381306,0.007351673,0.010323744,0.008564731,0.013816172,0.007789439,0.007511068
2008,29,29,North Carolina,32,1,36,29,34,38,29,27,28,0.006835857,0.034482759,0.006619266,0.007027415,0.006722725,0.00652415,0.007027415,0.007172917,0.007098167
2008,30,30,Maryland,39,1,30,30,32,30,35,25,31,0.006263394,0.033333333,0.006728303,0.006728303,0.006607995,0.006728303,0.006447547,0.007091535,0.006666667
2008,31,31,West Virginia,23,1,39,31,19,34,34,28,30,0.007035622,0.032258065,0.006061349,0.006451613,0.007463813,0.006289001,0.006289001,0.00664022,0.006511261
2008,32,32,Washington,33,1,6,32,30,33,28,33,32,0.006142551,0.03125,0.011131475,0.006194996,0.006307784,0.006142551,0.006432714,0.006142551,0.006194996
2008,33,33,Oregon,44,1,18,33,29,27,14,37,33,0.005517815,0.03030303,0.007133603,0.005956413,0.006175607,0.006303473,0.007756304,0.005774285,0.005956413
2008,34,34,Wisconsin,26,1,22,34,39,28,44,32,36,0.006185586,0.029411765,0.006501904,0.005734089,0.005526524,0.006054319,0.005355526,0.005830584,0.005645845
2008,35,35,Mississippi,40,1,34,35,28,31,37,43,34,0.005332926,0.028571429,0.005570258,0.005526469,0.005881338,0.005714286,0.005444326,0.005233407,0.005570258
2008,36,36,Vermont,26,1,43,36,38,36,41,34,35,0.005841942,0.027777778,0.005088035,0.005332187,0.005255566,0.005332187,0.005151362,0.005415528,0.005372956
2008,37,37,Massachusetts,42,1,45,37,43,46,45,45,38,0.004980779,0.027027027,0.004893043,0.005150038,0.00495052,0.004865712,0.004893043,0.004893043,0.005113523
2008,38,38,New York,37,1,38,38,44,40,46,47,40,0.005014511,0.026315789,0.004978957,0.004978957,0.004791787,0.004911906,0.004737666,0.004711901,0.004911906
2008,39,39,Michigan,50,1,48,39,34,45,39,40,42,0.004520293,0.025641026,0.004566759,0.004817996,0.004998949,0.004642118,0.004817996,0.004785959,0.004725355
2008,40,40,Hawaii,41,1,35,40,26,41,20,31,37,0.004636226,0.025,0.00483566,0.00466631,0.005257748,0.004636226,0.005691756,0.005,0.004763785
2008,41,41,Delaware,26,1,47,41,40,44,33,36,39,0.00512951,0.024390244,0.004367128,0.004523147,0.004552498,0.004441168,0.004794186,0.00468192,0.004582971
2008,42,42,Maine,21,1,40,42,42,37,40,41,43,0.005339139,0.023809524,0.004444105,0.004387829,0.004387829,0.004536938,0.004444105,0.004415453,0.004361173
2008,43,43,South Carolina,44,1,31,43,36,39,16,38,41,0.004234602,0.023255814,0.004651163,0.00425975,0.004464156,0.00436981,0.005689547,0.004400008,0.004312768
2008,44,44,California,30,1,42,44,45,48,50,50,44,0.004587479,0.022727273,0.004188383,0.004138361,0.004114604,0.004047809,0.004006624,0.004006624,0.004138361
2008,45,45,Connecticut,47,1,46,45,48,47,47,42,45,0.003978938,0.022222222,0.004000696,0.004023169,0.003957858,0.003978938,0.003978938,0.004095307,0.004023169
2008,46,46,New Jersey,48,1,50,46,49,50,48,44,46,0.003871817,0.02173913,0.003832422,0.003913724,0.003851822,0.003832422,0.003871817,0.003958433,0.003913724
2008,47,47,Kentucky,44,1,37,47,46,42,43,39,47,0.003874211,0.021276596,0.004054285,0.003809622,0.003830454,0.003921039,0.003897218,0.003997911,0.003809622
2008,48,48,Illinois,48,1,49,48,50,49,49,46,49,0.003710492,0.020833333,0.00369133,0.003710492,0.003672738,0.00369133,0.00369133,0.003750653,0.00369133
2008,49,49,New Mexico,38,1,32,49,36,35,13,48,48,0.003861232,0.020408163,0.004045711,0.003615996,0.003917525,0.003947478,0.005360195,0.003634767,0.003634767
2008,50,50,Rhode Island,26,1,44,50,47,43,42,49,50,0.004206198,0.02,0.003641758,0.003525829,0.003581045,0.003663385,0.003685777,0.003543676,0.003525829
2009,1,1,Nebraska,9,1,11,1,15,10,27,6,1,0.301029996,1,0.278942946,1,0.25,0.289064826,0.208014598,0.356207187,1
2009,2,2,South Dakota,18,1,5,2,2,3,30,1,2,0.117704457,0.5,0.193426404,0.315464877,0.315464877,0.25,0.100924543,0.5,0.315464877
2009,3,3,Oklahoma,10,1,10,3,15,8,10,13,4,0.096354942,0.333333333,0.096354942,0.166666667,0.083333333,0.105154959,0.096354942,0.087549845,0.143558853
2009,4,4,Tennessee,11,1,12,4,6,4,20,5,3,0.069735736,0.25,0.067559539,0.10766914,0.089051797,0.10766914,0.056917562,0.096713202,0.125
2009,5,5,Alabama,12,1,17,5,13,22,18,3,5,0.054047631,0.2,0.047962493,0.077370561,0.052529907,0.044212946,0.047081783,0.1,0.077370561
2009,6,6,Utah,22,1,6,6,1,1,12,8,6,0.036844122,0.166666667,0.059367865,0.059367865,0.166666667,0.166666667,0.045039692,0.052577479,0.059367865
2009,7,7,Florida ,31,1,3,7,5,6,15,2,7,0.028571429,0.142857143,0.071428571,0.047619048,0.055264687,0.050886741,0.035714286,0.090132822,0.047619048
2009,8,8,Indiana,13,1,16,8,8,11,4,14,8,0.032831192,0.125,0.030581318,0.03943311,0.03943311,0.034867868,0.05383457,0.031994753,0.03943311
2009,9,9,Nevada,1,1,7,9,27,14,21,9,10,0.111111111,0.111111111,0.037037037,0.033447777,0.023112733,0.028439781,0.02491598,0.033447777,0.032118314
2009,10,10,New Hampshire,25,1,21,10,31,24,26,10,11,0.021274605,0.1,0.022424382,0.028906483,0.02,0.021533828,0.021030992,0.028906483,0.027894295
2009,11,11,Montana,16,1,19,11,3,12,19,12,9,0.022240958,0.090909091,0.021034383,0.02535845,0.045454545,0.024567105,0.021034383,0.024567105,0.027366363
2009,12,12,Virginia,1,1,18,12,21,20,29,15,12,0.083333333,0.083333333,0.019617409,0.022519846,0.018686985,0.018972521,0.016982921,0.020833333,0.022519846
2009,13,13,Missouri,29,1,9,13,14,9,28,11,13,0.015676542,0.076923077,0.023156154,0.02020381,0.019689079,0.023156154,0.015834372,0.02145715,0.02020381
2009,14,14,North Dakota,17,1,30,14,4,5,5,17,14,0.017129462,0.071428571,0.014417792,0.018282716,0.030762611,0.027632343,0.027632343,0.017129462,0.018282716
2009,15,15,Texas,30,1,2,15,18,7,1,7,15,0.013456606,0.066666667,0.042061984,0.016666667,0.015693928,0.022222222,0.066666667,0.022222222,0.016666667
2009,16,16,Colorado,7,1,13,16,19,15,7,16,17,0.020833333,0.0625,0.016415596,0.015290659,0.014461138,0.015625,0.020833333,0.015290659,0.014988279
2009,17,17,Iowa,15,1,22,17,11,13,22,20,18,0.014705882,0.058823529,0.013003808,0.014106616,0.016408409,0.015449973,0.013003808,0.013392368,0.013847583
2009,18,18,Idaho,14,1,20,18,15,16,23,24,16,0.01421989,0.055555556,0.012648347,0.013078273,0.013888889,0.013591697,0.012116905,0.011963238,0.013591697
2009,19,19,Georgia,8,1,26,19,21,32,9,19,20,0.016603415,0.052631579,0.011068943,0.012177801,0.011802307,0.010433677,0.015843684,0.012177801,0.011982645
2009,20,20,Louisiana,5,1,8,20,7,23,6,23,21,0.01934264,0.05,0.015773244,0.011383512,0.016666667,0.010905215,0.017810359,0.010905215,0.011212191
2009,21,21,Arkansas,23,1,25,21,11,21,25,28,22,0.010385919,0.047619048,0.010130764,0.010678277,0.013282997,0.010678277,0.010130764,0.00980223,0.010526892
2009,22,22,North Carolina,3,1,41,22,24,39,33,21,25,0.022727273,0.045454545,0.008429501,0.010048397,0.009788104,0.008540992,0.00893462,0.010192901,0.009670275
2009,23,23,Ohio,6,1,4,23,9,25,3,18,23,0.015487269,0.043478261,0.018725068,0.009482795,0.013088261,0.009249828,0.02173913,0.01023517,0.009482795
2009,24,24,Kansas,4,1,24,24,34,19,35,26,24,0.017944857,0.041666667,0.008972428,0.008972428,0.008123293,0.009640759,0.008059433,0.008762913,0.008972428
2009,25,25,West Virginia,24,1,37,25,10,30,24,27,26,0.008613531,0.04,0.007622056,0.008509842,0.011562593,0.008073963,0.008613531,0.008320584,0.008412397
2009,26,26,Maryland,40,1,29,26,29,29,34,22,27,0.007178939,0.038461538,0.007838271,0.008088843,0.007838271,0.007838271,0.007498424,0.00850249,0.008000561
2009,27,27,Alaska,21,1,1,27,20,2,2,4,19,0.008305327,0.037037037,0.037037037,0.007704244,0.008432231,0.023367769,0.023367769,0.015950984,0.008569563
2009,28,28,Pennsylvania,32,1,28,28,24,37,17,25,28,0.007079995,0.035714286,0.007351673,0.007351673,0.007690653,0.006805408,0.008564731,0.007598073,0.007351673
2009,29,29,Washington,40,1,15,29,28,35,37,33,29,0.00643629,0.034482759,0.00862069,0.007027415,0.007098167,0.006669876,0.006570738,0.006777987,0.007027415
2009,30,30,Minnesota,35,1,31,30,26,18,39,35,31,0.006447547,0.033333333,0.006666667,0.006728303,0.007010331,0.007846964,0.006263394,0.006447547,0.006666667
2009,31,31,Arizona,44,1,27,31,33,28,32,30,30,0.005873803,0.032258065,0.006710148,0.006451613,0.006340698,0.00664022,0.006394834,0.006511261,0.006511261
2009,32,32,Mississippi,34,1,35,32,23,26,36,43,32,0.006092469,0.03125,0.006044575,0.006194996,0.006815759,0.006572185,0.00599871,0.005724039,0.006194996
2009,33,33,Maine,20,1,38,33,34,31,38,32,34,0.006899098,0.03030303,0.005733344,0.005956413,0.005907849,0.006060606,0.005733344,0.006007269,0.005907849
2009,34,34,South Carolina,35,1,33,34,30,36,14,31,35,0.005689012,0.029411765,0.005781224,0.005734089,0.005936738,0.005645845,0.007528177,0.005882353,0.005689012
2009,35,35,Oregon,35,1,14,35,39,27,11,36,33,0.005526469,0.028571429,0.007313086,0.005526469,0.005368624,0.005943274,0.007969798,0.005484535,0.005616047
2009,36,36,Vermont,26,1,43,36,31,38,42,37,36,0.005841942,0.027777778,0.005088035,0.005332187,0.005555556,0.005255566,0.005119134,0.005293095,0.005332187
2009,37,37,Massachusetts,44,1,45,37,41,44,45,47,40,0.004921295,0.027027027,0.004893043,0.005150038,0.005012136,0.004921295,0.004893043,0.00483925,0.00504466
2009,38,38,Delaware,26,1,44,38,39,42,31,34,38,0.005534472,0.026315789,0.004791787,0.004978957,0.004944785,0.004849706,0.005263158,0.005130501,0.004978957
2009,39,39,Wisconsin,43,1,34,39,37,34,44,46,39,0.004696647,0.025641026,0.004998949,0.004817996,0.004885934,0.004998949,0.004668921,0.004616188,0.004817996
2009,40,40,Connecticut,46,1,46,40,45,47,46,38,42,0.004500783,0.025,0.004500783,0.00466631,0.004526065,0.004476306,0.004500783,0.004730009,0.004607221
2009,41,41,New York,49,1,39,41,44,46,47,40,43,0.004321557,0.024390244,0.004582971,0.004523147,0.004441168,0.004391008,0.004367128,0.004552498,0.004467543
2009,42,42,Michigan,47,1,48,42,41,45,40,39,41,0.004263148,0.023809524,0.004240562,0.004387829,0.004415453,0.004310538,0.004444105,0.004473853,0.004415453
2009,43,43,Wyoming,19,1,32,43,36,17,8,44,37,0.005380889,0.023255814,0.004610229,0.00425975,0.004464156,0.005577034,0.007336392,0.004234602,0.004431428
2009,44,44,Kentucky,35,1,40,44,46,40,43,41,44,0.004396055,0.022727273,0.0042421,0.004138361,0.004091621,0.0042421,0.004162938,0.004214751,0.004138361
2009,45,45,New Jersey,42,1,49,45,49,48,48,45,46,0.004095307,0.022222222,0.003937418,0.004023169,0.003937418,0.003957858,0.003957858,0.004023169,0.004000696
2009,46,46,California,49,1,47,46,47,50,50,42,45,0.003851822,0.02173913,0.00389244,0.003913724,0.00389244,0.003832422,0.003832422,0.004006279,0.003935709
2009,47,47,Rhode Island,26,1,42,47,38,41,41,50,49,0.004474679,0.021276596,0.003921039,0.003809622,0.00402554,0.003945724,0.003945724,0.003750882,0.003769869
2009,48,48,New Mexico,33,1,23,48,43,33,13,48,47,0.004095034,0.020833333,0.004543839,0.003710492,0.003816026,0.004095034,0.005471865,0.003710492,0.003730255
2009,49,49,Hawaii,35,1,36,49,48,43,16,29,48,0.003947478,0.020408163,0.003917525,0.003615996,0.003634767,0.003738148,0.004992868,0.004159083,0.003634767
2009,50,50,Illinois,47,1,50,50,50,49,49,49,50,0.003581045,0.02,0.003525829,0.003525829,0.003525829,0.003543676,0.003543676,0.003543676,0.003525829
2010,1,1,Nebraska,11,1,11,1,12,10,30,7,2,0.278942946,1,0.278942946,1,0.270238154,0.289064826,0.201849087,0.333333333,0.630929754
2010,2,2,Alaska,19,1,1,2,1,1,2,1,1,0.115689107,0.5,0.5,0.315464877,0.5,0.5,0.315464877,0.5,0.5
2010,3,3,South Dakota,10,1,7,3,3,3,24,2,3,0.096354942,0.333333333,0.111111111,0.166666667,0.166666667,0.166666667,0.071779426,0.210309918,0.166666667
2010,4,4,Oklahoma,9,1,12,4,17,11,12,13,4,0.075257499,0.25,0.067559539,0.10766914,0.059953117,0.069735736,0.067559539,0.065662384,0.10766914
2010,5,5,Florida ,27,1,3,5,5,4,19,3,8,0.04160292,0.2,0.1,0.077370561,0.077370561,0.086135312,0.046275643,0.1,0.063092975
2010,6,6,Utah,32,1,5,6,2,2,11,4,7,0.033039977,0.166666667,0.064475468,0.059367865,0.105154959,0.105154959,0.046490491,0.071779426,0.055555556
2010,7,7,Montana,13,1,10,7,3,7,15,5,5,0.037521362,0.142857143,0.041294975,0.047619048,0.071428571,0.047619048,0.035714286,0.055264687,0.055264687
2010,8,8,Tennessee,15,1,15,8,8,5,18,8,6,0.03125,0.125,0.03125,0.03943311,0.03943311,0.048356601,0.029426114,0.03943311,0.044525898
2010,9,9,Alabama,8,1,13,9,15,21,16,6,9,0.035051653,0.111111111,0.029183282,0.033447777,0.027777778,0.02491598,0.027183394,0.039578576,0.033447777
2010,10,10,New Hampshire,22,1,22,10,31,22,23,9,10,0.022106473,0.1,0.022106473,0.028906483,0.02,0.022106473,0.021810429,0.030103,0.028906483
2010,11,11,Indiana,12,1,16,11,13,14,7,15,12,0.024567105,0.090909091,0.022240958,0.02535845,0.02387723,0.023268911,0.03030303,0.022727273,0.024567105
2010,12,12,Virginia,1,1,17,12,24,16,29,11,11,0.083333333,0.083333333,0.019984372,0.022519846,0.017944857,0.020387545,0.016982921,0.023245245,0.023245245
2010,13,13,Nevada,20,1,9,13,21,12,25,12,13,0.017513096,0.076923077,0.023156154,0.02020381,0.017249525,0.02078755,0.016365081,0.02078755,0.02020381
2010,14,14,North Dakota,14,1,33,14,6,6,5,20,14,0.018282716,0.071428571,0.014040117,0.018282716,0.025443371,0.025443371,0.027632343,0.016262161,0.018282716
2010,15,15,Missouri,3,1,8,15,8,8,20,10,15,0.033333333,0.066666667,0.021030992,0.016666667,0.021030992,0.021030992,0.015178017,0.019270988,0.016666667
2010,16,16,Texas,28,1,2,16,11,20,1,14,17,0.012865427,0.0625,0.03943311,0.015290659,0.017433934,0.014229391,0.0625,0.015997377,0.014988279
2010,17,17,Idaho,17,1,20,17,19,15,22,21,18,0.014106616,0.058823529,0.013392368,0.014106616,0.013610483,0.014705882,0.013003808,0.013190813,0.013847583
2010,18,18,Iowa,2,1,21,18,6,13,21,22,16,0.035051653,0.055555556,0.01245799,0.013078273,0.019789288,0.014591641,0.01245799,0.012281374,0.013591697
2010,19,19,Wyoming,16,1,38,19,14,9,3,25,23,0.012876344,0.052631579,0.009957914,0.012177801,0.013471475,0.015843684,0.026315789,0.011197161,0.011479173
2010,20,20,Ohio,5,1,4,20,10,18,4,16,19,0.01934264,0.05,0.021533828,0.011383512,0.014453241,0.011770446,0.021533828,0.012232527,0.011568911
2010,21,21,Georgia,6,1,26,21,24,30,10,18,21,0.016962247,0.047619048,0.010014758,0.010678277,0.010254204,0.009611861,0.013764992,0.011209948,0.010678277
2010,22,22,Colorado,34,1,14,22,22,19,6,17,20,0.008861774,0.045454545,0.011634456,0.010048397,0.010048397,0.010517192,0.016191236,0.010900567,0.010348648
2010,23,23,Louisiana,7,1,6,23,15,24,8,19,22,0.014492754,0.043478261,0.015487269,0.009482795,0.010869565,0.009362534,0.013715864,0.010059922,0.00961151
2010,24,24,Kansas,43,1,23,24,35,17,32,24,24,0.007632052,0.041666667,0.009087679,0.008972428,0.008059433,0.009992186,0.008259994,0.008972428,0.008972428
2010,25,25,North Carolina,31,1,41,25,38,37,37,26,25,0.008,0.04,0.007417961,0.008509842,0.007568014,0.007622056,0.007622056,0.008412397,0.008509842
2010,26,26,Maryland,34,1,30,26,39,36,36,23,26,0.007498424,0.038461538,0.007763426,0.008088843,0.007226993,0.007383028,0.007383028,0.008388627,0.008088843
2010,27,27,Arkansas,26,1,28,27,17,23,28,30,27,0.007789256,0.037037037,0.007623957,0.007704244,0.008881943,0.008077937,0.007623957,0.007475892,0.007704244
2010,28,28,West Virginia,25,1,36,28,20,35,26,28,28,0.007598073,0.035714286,0.006855669,0.007351673,0.00813108,0.006908086,0.007511068,0.007351673,0.007351673
2010,29,29,Pennsylvania,29,1,34,29,29,41,27,27,29,0.007027415,0.034482759,0.006722725,0.007027415,0.007027415,0.006394794,0.007172917,0.007172917,0.007027415
2010,30,30,Washington,41,1,18,30,29,40,38,35,30,0.006181634,0.033333333,0.007846964,0.006728303,0.006793168,0.006221747,0.006306679,0.006447547,0.006728303
2010,31,31,Arizona,43,1,25,31,27,29,33,29,31,0.005908686,0.032258065,0.006862776,0.006451613,0.006710148,0.006574034,0.006340698,0.006574034,0.006451613
2010,32,32,Mississippi,33,1,27,32,26,26,34,37,32,0.006142551,0.03125,0.006500456,0.006194996,0.006572185,0.006572185,0.006092469,0.005954732,0.006194996
2010,33,33,Minnesota,34,1,24,33,28,25,39,39,33,0.005907849,0.03030303,0.006525402,0.005956413,0.006237783,0.00644685,0.005693995,0.005693995,0.005956413
2010,34,34,Maine,18,1,35,34,32,28,35,31,34,0.006923792,0.029411765,0.005689012,0.005734089,0.005830584,0.006054319,0.005689012,0.005882353,0.005734089
2010,35,35,South Carolina,39,1,29,35,33,34,14,33,35,0.005368624,0.028571429,0.005822716,0.005526469,0.005616047,0.005570258,0.007313086,0.005616047,0.005526469
2010,36,36,Vermont,21,1,42,36,34,32,42,41,36,0.006228995,0.027777778,0.005119134,0.005332187,0.005415528,0.005506663,0.005119134,0.005151362,0.005332187
2010,37,37,Delaware,22,1,43,37,35,42,31,38,38,0.005974722,0.027027027,0.00495052,0.005150038,0.005227741,0.004980779,0.005405405,0.005113523,0.005113523
2010,38,38,Oregon,34,1,19,38,35,27,9,40,37,0.005130501,0.026315789,0.0060889,0.004978957,0.005090169,0.005474068,0.007921842,0.004911906,0.005014511
2010,39,39,Wisconsin,43,1,32,39,39,33,44,45,39,0.004696647,0.025641026,0.005083073,0.004817996,0.004817996,0.005040042,0.004668921,0.004642118,0.004817996
2010,40,40,Michigan,48,1,49,40,39,44,41,36,40,0.00445259,0.025,0.004429596,0.00466631,0.004697546,0.004552198,0.004636226,0.004798968,0.00466631
2010,41,41,California,50,1,47,41,46,50,50,32,41,0.004299791,0.024390244,0.004367128,0.004523147,0.004391008,0.004299791,0.004299791,0.004835119,0.004523147
2010,42,42,New York,30,1,46,42,42,47,45,44,42,0.004805931,0.023809524,0.00428646,0.004387829,0.004387829,0.004263148,0.004310538,0.004335426,0.004387829
2010,43,43,New Mexico,4,1,31,43,23,31,13,46,43,0.010015734,0.023255814,0.004651163,0.00425975,0.005072193,0.004651163,0.006108129,0.004186775,0.00425975
2010,44,44,New Jersey,42,1,50,44,47,48,48,43,45,0.004188383,0.022727273,0.004006624,0.004138361,0.004069369,0.004047809,0.004047809,0.004162938,0.004114604
2010,45,45,Kentucky,34,1,37,45,45,38,43,42,44,0.004332423,0.022222222,0.004234476,0.004023169,0.004023169,0.004204452,0.004070428,0.004095307,0.004046398
2010,46,46,Connecticut,47,1,44,46,48,46,46,47,46,0.00389244,0.02173913,0.003958433,0.003913724,0.003871817,0.003913724,0.003913724,0.00389244,0.003913724
2010,47,47,Rhode Island,22,1,40,47,43,39,40,49,48,0.004703505,0.021276596,0.003971328,0.003809622,0.003897218,0.003997911,0.003971328,0.003769869,0.003789438
2010,48,48,Massachusetts,46,1,45,48,48,45,47,50,47,0.003750653,0.020833333,0.003771721,0.003710492,0.003710492,0.003771721,0.003730255,0.003672738,0.003730255
2010,49,49,Hawaii,40,1,39,49,44,43,17,34,49,0.003809233,0.020408163,0.003834731,0.003615996,0.00371608,0.003738148,0.004894132,0.003978756,0.003615996
2010,50,50,Illinois,49,1,48,50,50,49,49,48,50,0.003543676,0.02,0.003562072,0.003525829,0.003525829,0.003543676,0.003543676,0.003562072,0.003525829
2011,1,1,Nebraska,8,1,9,1,12,8,24,4,1,0.315464877,1,0.301029996,1,0.270238154,0.315464877,0.215338279,0.430676558,1
2011,2,2,Alaska,16,1,1,2,1,1,1,1,2,0.122325271,0.5,0.5,0.315464877,0.5,0.5,0.5,0.5,0.315464877
2011,3,3,South Dakota,13,1,5,3,4,5,23,2,3,0.087549845,0.333333333,0.128950936,0.166666667,0.143558853,0.128950936,0.072701431,0.210309918,0.166666667
2011,4,4,Oklahoma,10,1,15,4,15,12,14,12,6,0.072266207,0.25,0.0625,0.10766914,0.0625,0.067559539,0.063989506,0.067559539,0.089051797
2011,5,5,Tennessee,6,1,14,5,8,6,19,6,4,0.071241437,0.2,0.051191605,0.077370561,0.063092975,0.071241437,0.046275643,0.071241437,0.086135312
2011,6,6,Florida ,25,1,3,6,7,7,13,3,7,0.035457676,0.166666667,0.083333333,0.059367865,0.055555556,0.055555556,0.043774923,0.083333333,0.055555556
2011,7,7,Wyoming,17,1,10,7,3,2,3,5,5,0.034258924,0.142857143,0.041294975,0.047619048,0.071428571,0.090132822,0.071428571,0.055264687,0.055264687
2011,8,8,Utah,32,1,6,8,2,3,11,7,8,0.024779983,0.125,0.044525898,0.03943311,0.078866219,0.0625,0.034867868,0.041666667,0.03943311
2011,9,9,Indiana,9,1,19,9,10,11,5,17,10,0.033447777,0.111111111,0.02570869,0.033447777,0.032118314,0.030993661,0.042983645,0.02664583,0.032118314
2011,10,10,Montana,12,1,11,10,4,9,15,8,9,0.027023815,0.1,0.027894295,0.028906483,0.043067656,0.030103,0.025,0.031546488,0.030103
2011,11,11,Alabama,6,1,13,11,18,19,16,9,11,0.032382472,0.090909091,0.02387723,0.02535845,0.02140081,0.021034383,0.022240958,0.027366363,0.02535845
2011,12,12,New Hampshire,19,1,20,12,39,27,27,18,13,0.019281518,0.083333333,0.018972521,0.022519846,0.015658485,0.01733455,0.01733455,0.019617409,0.021887461
2011,13,13,North Dakota,3,1,33,13,6,4,4,13,12,0.038461538,0.076923077,0.015120126,0.02020381,0.027400553,0.033128966,0.033128966,0.02020381,0.02078755
2011,14,14,Virginia,2,1,18,14,21,20,30,15,14,0.045066411,0.071428571,0.016814922,0.018282716,0.016017416,0.016262161,0.014417792,0.017857143,0.018282716
2011,15,15,Missouri,4,1,8,15,9,10,21,10,16,0.028711771,0.066666667,0.021030992,0.016666667,0.020068666,0.019270988,0.014949588,0.019270988,0.016310036
2011,16,16,Nevada,1,1,12,16,34,13,25,14,15,0.0625,0.0625,0.016889885,0.015290659,0.012184939,0.016415596,0.013296628,0.015997377,0.015625
2011,17,17,Texas,28,1,2,17,13,22,2,11,19,0.012108637,0.058823529,0.037113515,0.014106616,0.015449973,0.013003808,0.037113515,0.016408409,0.013610483
2011,18,18,Idaho,11,1,22,18,15,16,22,22,18,0.01549683,0.055555556,0.012281374,0.013078273,0.013888889,0.013591697,0.012281374,0.012281374,0.013078273
2011,19,19,Iowa,18,1,16,19,14,14,18,20,17,0.012389943,0.052631579,0.012876344,0.012177801,0.013471475,0.013471475,0.012389943,0.011982645,0.012621709
2011,20,20,Ohio,26,1,4,20,11,15,10,16,20,0.010515496,0.05,0.021533828,0.011383512,0.013947147,0.0125,0.014453241,0.012232527,0.011383512
2011,21,21,Colorado,34,1,17,21,24,18,6,19,21,0.009283763,0.047619048,0.011419641,0.010678277,0.010254204,0.011209948,0.016962247,0.01101801,0.010678277
2011,22,22,Georgia,5,1,26,22,31,32,17,21,22,0.017584219,0.045454545,0.009559542,0.010048397,0.009090909,0.009010903,0.010900567,0.010192901,0.010048397
2011,23,23,Kansas,34,1,24,23,35,17,32,23,23,0.008476479,0.043478261,0.009362534,0.009482795,0.008409844,0.010426629,0.008619124,0.009482795,0.009482795
2011,24,24,North Carolina,30,1,41,24,32,37,37,25,24,0.008410379,0.041666667,0.007727043,0.008972428,0.008259994,0.007939642,0.007939642,0.008864419,0.008972428
2011,25,25,Washington,34,1,25,25,29,40,36,29,26,0.007798361,0.04,0.008509842,0.008509842,0.008151802,0.007466096,0.007678349,0.008151802,0.008412397
2011,26,26,Louisiana,33,1,7,26,28,29,12,24,25,0.007560063,0.038461538,0.012820513,0.008088843,0.007917186,0.007838271,0.010393775,0.008282242,0.008182541
2011,27,27,Vermont,20,1,42,27,22,39,40,35,27,0.008432231,0.037037037,0.006825512,0.007704244,0.008187583,0.006959327,0.006913052,0.007163941,0.007704244
2011,28,28,Maryland,40,1,31,28,43,36,39,27,30,0.006666158,0.035714286,0.007142857,0.007351673,0.006541759,0.006855669,0.006710779,0.007429093,0.007208896
2011,29,29,Arkansas,24,1,28,29,19,25,29,32,28,0.007425458,0.034482759,0.007098167,0.007027415,0.007978559,0.007336071,0.007027415,0.006835857,0.007098167
2011,30,30,Pennsylvania,29,1,36,30,33,41,31,26,29,0.006793168,0.033333333,0.006398624,0.006728303,0.006552054,0.006181634,0.006666667,0.007010331,0.006793168
2011,31,31,West Virginia,23,1,34,31,15,28,26,30,31,0.007035622,0.032258065,0.006289001,0.006451613,0.008064516,0.00664022,0.006784191,0.006511261,0.006451613
2011,32,32,Mississippi,44,1,23,32,22,24,34,34,32,0.005690247,0.03125,0.006815759,0.006194996,0.006908273,0.006729321,0.006092469,0.006092469,0.006194996
2011,33,33,Arizona,46,1,29,33,26,30,33,31,33,0.005455495,0.03030303,0.006175607,0.005956413,0.006373028,0.006116639,0.005956413,0.006060606,0.005956413
2011,34,34,South Carolina,34,1,30,34,25,33,9,28,34,0.005734089,0.029411765,0.005936738,0.005734089,0.006257237,0.005781224,0.008853823,0.006054319,0.005734089
2011,35,35,Minnesota,34,1,27,35,27,21,38,41,35,0.005570258,0.028571429,0.005943274,0.005526469,0.005943274,0.006406966,0.005405725,0.005298544,0.005526469
2011,36,36,Maine,15,1,38,36,35,31,35,33,38,0.006944444,0.027777778,0.005255566,0.005332187,0.005372956,0.005555556,0.005372956,0.005460045,0.005255566
2011,37,37,Oregon,34,1,21,37,30,23,8,40,36,0.005269163,0.027027027,0.006060644,0.005150038,0.005455381,0.005894711,0.008526078,0.00504466,0.005188074
2011,38,38,Kentucky,40,1,37,38,42,34,44,38,37,0.004911906,0.026315789,0.005014511,0.004978957,0.004849706,0.005130501,0.004791787,0.004978957,0.005014511
2011,39,39,Michigan,49,1,47,39,37,43,42,37,40,0.004543175,0.025641026,0.004591083,0.004817996,0.004885934,0.004696647,0.004725355,0.004885934,0.004785959
2011,40,40,Wisconsin,46,1,32,40,37,35,43,44,39,0.004500783,0.025,0.004955997,0.00466631,0.004763785,0.00483566,0.004579231,0.004552198,0.004697546
2011,41,41,New Mexico,14,1,35,41,20,26,7,39,41,0.006242879,0.024390244,0.004717717,0.004523147,0.005552933,0.00512951,0.008130081,0.004582971,0.004523147
2011,42,42,Rhode Island,20,1,39,42,44,38,41,43,43,0.00542072,0.023809524,0.004473853,0.004387829,0.004335426,0.00450477,0.004415453,0.004361173,0.004361173
2011,43,43,Delaware,20,1,43,43,39,42,28,42,42,0.005294657,0.023255814,0.00425975,0.00425975,0.00436981,0.004285787,0.004787136,0.004285787,0.004285787
2011,44,44,New Jersey,45,1,50,44,49,48,48,47,44,0.004114604,0.022727273,0.004006624,0.004138361,0.004026905,0.004047809,0.004047809,0.004069369,0.004138361
2011,45,45,Connecticut,48,1,44,45,47,45,45,48,47,0.003957858,0.022222222,0.004046398,0.004023169,0.003978938,0.004023169,0.004023169,0.003957858,0.003978938
2011,46,46,California,27,1,48,46,46,50,50,45,45,0.004522056,0.02173913,0.003871817,0.003913724,0.003913724,0.003832422,0.003832422,0.003935709,0.003935709
2011,47,47,New York,31,1,46,47,45,47,46,46,46,0.004255319,0.021276596,0.003830454,0.003809622,0.00385197,0.003809622,0.003830454,0.003830454,0.003830454
2011,48,48,Massachusetts,40,1,45,48,47,46,47,49,48,0.003888592,0.020833333,0.003771721,0.003710492,0.003730255,0.003750653,0.003730255,0.00369133,0.003710492
2011,49,49,Hawaii,40,1,40,49,39,44,20,36,49,0.003809233,0.020408163,0.003809233,0.003615996,0.003834731,0.00371608,0.004646332,0.003917525,0.003615996
2011,50,50,Illinois,50,1,49,50,50,49,49,50,50,0.003525829,0.02,0.003543676,0.003525829,0.003525829,0.003543676,0.003543676,0.003525829,0.003525829
2012,1,1,Nebraska,1,1,8,1,9,8,25,3,1,1,1,0.315464877,1,0.301029996,0.315464877,0.212746054,0.5,1
2012,2,2,Alaska,21,1,1,2,1,1,2,2,2,0.112121912,0.5,0.5,0.315464877,0.5,0.5,0.315464877,0.315464877,0.315464877
2012,3,3,South Dakota,2,1,6,3,3,5,22,1,3,0.210309918,0.333333333,0.118735729,0.166666667,0.166666667,0.128950936,0.073688243,0.333333333,0.166666667
2012,4,4,Oklahoma,19,1,15,4,11,11,12,10,4,0.057844553,0.25,0.0625,0.10766914,0.069735736,0.069735736,0.067559539,0.072266207,0.10766914
2012,5,5,North Dakota,18,1,32,5,4,3,4,12,7,0.047081783,0.2,0.039647973,0.077370561,0.086135312,0.1,0.086135312,0.054047631,0.066666667
2012,6,6,Tennessee,13,1,14,6,5,6,17,6,5,0.043774923,0.166666667,0.042659671,0.059367865,0.064475468,0.059367865,0.039968744,0.059367865,0.064475468
2012,7,7,Wyoming,22,1,5,7,6,2,3,5,6,0.031580676,0.142857143,0.055264687,0.047619048,0.050886741,0.090132822,0.071428571,0.055264687,0.050886741
2012,8,8,New Hampshire,3,1,22,8,32,22,30,9,9,0.0625,0.125,0.027633091,0.03943311,0.024779983,0.027633091,0.025231136,0.037628749,0.037628749
2012,9,9,Iowa,8,1,26,9,14,15,24,19,13,0.035051653,0.111111111,0.023367769,0.033447777,0.028439781,0.027777778,0.023926475,0.02570869,0.029183282
2012,10,10,Florida ,5,1,3,10,12,7,13,4,8,0.038685281,0.1,0.05,0.028906483,0.027023815,0.033333333,0.026264954,0.043067656,0.031546488
2012,11,11,Montana,17,1,10,11,8,10,15,8,10,0.021801133,0.090909091,0.026278621,0.02535845,0.028678625,0.026278621,0.022727273,0.028678625,0.026278621
2012,12,12,Utah,34,1,7,12,2,4,9,11,11,0.016246585,0.083333333,0.027777778,0.022519846,0.052577479,0.035889713,0.025085833,0.023245245,0.023245245
2012,13,13,Alabama,14,1,11,13,20,19,18,7,12,0.019689079,0.076923077,0.02145715,0.02020381,0.017513096,0.017798324,0.018108378,0.025641026,0.02078755
2012,14,14,Nevada,3,1,13,14,32,13,21,14,14,0.035714286,0.071428571,0.018760681,0.018282716,0.01415999,0.018760681,0.016017416,0.018282716,0.018282716
2012,15,15,Virginia,6,1,17,15,23,23,26,16,16,0.023747146,0.066666667,0.015987498,0.016666667,0.014540286,0.014540286,0.014020661,0.016310036,0.016310036
2012,16,16,Indiana,15,1,21,16,13,14,11,20,15,0.015625,0.0625,0.014015239,0.015290659,0.016415596,0.015997377,0.017433934,0.014229391,0.015625
2012,17,17,Missouri,7,1,12,17,15,12,23,13,17,0.019607843,0.058823529,0.015896362,0.014106616,0.014705882,0.015896362,0.012829664,0.015449973,0.014106616
2012,18,18,Ohio,30,1,4,18,7,9,6,18,20,0.011213838,0.055555556,0.023926475,0.013078273,0.018518519,0.016723889,0.019789288,0.013078273,0.012648347
2012,19,19,Texas,28,1,2,19,10,26,1,17,18,0.010834044,0.052631579,0.033206829,0.012177801,0.015213938,0.011068943,0.052631579,0.012621709,0.012389943
2012,20,20,Colorado,37,1,16,20,18,18,5,15,21,0.009527571,0.05,0.012232527,0.011383512,0.011770446,0.011770446,0.01934264,0.0125,0.011212191
2012,21,21,Idaho,16,1,19,21,19,16,20,21,19,0.011650026,0.047619048,0.01101801,0.010678277,0.01101801,0.011650026,0.01084144,0.010678277,0.01101801
2012,22,22,Kansas,35,1,27,22,37,17,29,23,22,0.008792109,0.045454545,0.009455209,0.010048397,0.008661428,0.010900567,0.009263411,0.009913831,0.010048397
2012,23,23,Wisconsin,47,1,38,23,34,41,44,25,27,0.00778488,0.043478261,0.008226103,0.009482795,0.008476479,0.008063001,0.007916865,0.009249828,0.009044113
2012,24,24,Georgia,43,1,31,24,29,35,16,22,23,0.007632052,0.041666667,0.008333333,0.008972428,0.00849146,0.008059433,0.010193773,0.00921103,0.009087679
2012,25,25,Washington,12,1,20,25,22,34,34,30,25,0.010809526,0.04,0.00910681,0.008509842,0.008842589,0.007798361,0.007798361,0.008073963,0.008509842
2012,26,26,North Carolina,32,1,40,26,36,31,36,27,24,0.00762461,0.038461538,0.007178939,0.008088843,0.007383028,0.007692308,0.007383028,0.008000561,0.008282242
2012,27,27,Louisiana,36,1,9,27,30,30,14,24,26,0.007109582,0.037037037,0.011149259,0.007704244,0.007475892,0.007475892,0.009479927,0.007975492,0.007789256
2012,28,28,Arizona,10,1,29,28,26,28,28,29,28,0.010323744,0.035714286,0.007278395,0.007351673,0.007511068,0.007351673,0.007351673,0.007278395,0.007351673
2012,29,29,South Carolina,10,1,28,29,21,29,8,26,29,0.009967753,0.034482759,0.007098167,0.007027415,0.007732546,0.007027415,0.010878099,0.007252066,0.007027415
2012,30,30,Mississippi,45,1,23,30,24,24,35,32,31,0.006034753,0.033333333,0.007270143,0.006728303,0.007177943,0.007177943,0.006447547,0.006607995,0.006666667
2012,31,31,Arkansas,27,1,30,31,25,27,27,31,30,0.006710148,0.032258065,0.006511261,0.006451613,0.006862776,0.006710148,0.006710148,0.006451613,0.006511261
2012,32,32,Oregon,37,1,18,32,16,21,10,33,32,0.005954732,0.03125,0.007356529,0.006194996,0.007645329,0.00700762,0.009033276,0.006142551,0.006194996
2012,33,33,Michigan,43,1,44,33,28,40,38,36,33,0.005550583,0.03030303,0.005517815,0.005956413,0.006237783,0.005656134,0.005733344,0.005816931,0.005956413
2012,34,34,Minnesota,37,1,24,34,27,20,37,37,35,0.005604453,0.029411765,0.006333479,0.005734089,0.006118076,0.006696184,0.005604453,0.005604453,0.005689012
2012,35,35,Pennsylvania,31,1,39,35,41,43,32,28,34,0.005714286,0.028571429,0.005368624,0.005526469,0.005298544,0.005233407,0.005663996,0.005881338,0.005570258
2012,36,36,Maryland,48,1,34,36,43,37,41,34,37,0.004947322,0.027777778,0.005415528,0.005332187,0.005088035,0.005293095,0.005151362,0.005415528,0.005293095
2012,37,37,New Mexico,9,1,25,37,17,25,7,38,36,0.008135946,0.027027027,0.005749893,0.005150038,0.006481418,0.005749893,0.009009009,0.005113523,0.005188074
2012,38,38,Rhode Island,25,1,36,38,39,33,40,39,41,0.00559858,0.026315789,0.005051545,0.004978957,0.004944785,0.005172675,0.004911906,0.004944785,0.004880237
2012,39,39,Vermont,25,1,43,39,42,39,42,44,38,0.005455027,0.025641026,0.004696647,0.004817996,0.004725355,0.004817996,0.004725355,0.004668921,0.004851291
2012,40,40,Maine,20,1,37,40,40,32,39,35,39,0.005691756,0.025,0.004763785,0.00466631,0.00466631,0.004955997,0.004697546,0.00483566,0.004697546
2012,41,41,Delaware,23,1,42,41,30,42,33,42,40,0.005319617,0.024390244,0.00449485,0.004523147,0.004923148,0.00449485,0.004794186,0.00449485,0.004552498
2012,42,42,New York,33,1,46,42,44,47,46,43,43,0.004680039,0.023809524,0.00428646,0.004387829,0.004335426,0.004263148,0.00428646,0.004361173,0.004361173
2012,43,43,California,29,1,48,43,46,50,50,41,44,0.00473942,0.023255814,0.004141944,0.00425975,0.004186775,0.004099801,0.004099801,0.004312768,0.004234602
2012,44,44,West Virginia,23,1,33,44,35,36,31,45,42,0.004956916,0.022727273,0.00446731,0.004138361,0.004396055,0.004362698,0.004545455,0.004114604,0.004188383
2012,45,45,Massachusetts,40,1,47,45,47,46,47,48,46,0.004147831,0.022222222,0.003978938,0.004023169,0.003978938,0.004000696,0.003978938,0.003957858,0.004000696
2012,46,46,Kentucky,40,1,35,46,45,38,43,46,45,0.004057661,0.02173913,0.004204922,0.003913724,0.003935709,0.004113051,0.00398194,0.003913724,0.003935709
2012,47,47,Hawaii,40,1,41,47,38,44,19,40,47,0.003971328,0.021276596,0.003945724,0.003809622,0.00402554,0.003874211,0.004922941,0.003971328,0.003809622
2012,48,48,Connecticut,49,1,45,48,47,45,45,49,48,0.00369133,0.020833333,0.003771721,0.003710492,0.003730255,0.003771721,0.003771721,0.00369133,0.003710492
2012,49,49,New Jersey,46,1,50,49,50,48,48,47,49,0.003674109,0.020408163,0.003597784,0.003615996,0.003597784,0.003634767,0.003634767,0.003654127,0.003615996
2012,50,50,Illinois,50,1,49,50,49,49,49,50,50,0.003525829,0.02,0.003543676,0.003525829,0.003543676,0.003543676,0.003543676,0.003525829,0.003525829
2013,1,1,Nebraska,2,1,9,1,11,8,22,5,1,0.630929754,1,0.301029996,1,0.278942946,0.315464877,0.221064729,0.386852807,1
2013,2,2,Alaska,22,1,1,2,1,1,1,1,3,0.110532365,0.5,0.5,0.315464877,0.5,0.5,0.5,0.5,0.25
2013,3,3,South Dakota,18,1,6,3,5,6,24,2,2,0.078469638,0.333333333,0.118735729,0.166666667,0.128950936,0.118735729,0.071779426,0.210309918,0.210309918
2013,4,4,Oklahoma,17,1,10,4,12,11,10,8,4,0.059953117,0.25,0.072266207,0.10766914,0.067559539,0.069735736,0.072266207,0.078866219,0.10766914
2013,5,5,Wyoming,15,1,5,5,2,2,3,3,5,0.05,0.2,0.077370561,0.077370561,0.126185951,0.126185951,0.1,0.1,0.077370561
2013,6,6,North Dakota,16,1,33,6,3,3,4,7,6,0.04077509,0.166666667,0.032760272,0.059367865,0.083333333,0.083333333,0.071779426,0.055555556,0.059367865
2013,7,7,Florida ,5,1,3,7,4,4,8,4,8,0.055264687,0.142857143,0.071428571,0.047619048,0.061525223,0.061525223,0.045066411,0.061525223,0.045066411
2013,8,8,Tennessee,11,1,11,8,6,7,14,6,7,0.034867868,0.125,0.034867868,0.03943311,0.044525898,0.041666667,0.031994753,0.044525898,0.041666667
2013,9,9,New Hampshire,3,1,26,9,34,28,26,18,11,0.055555556,0.111111111,0.023367769,0.033447777,0.021662114,0.02287187,0.023367769,0.026156546,0.030993661
2013,10,10,Utah,37,1,8,10,8,5,11,10,9,0.019055141,0.1,0.031546488,0.028906483,0.031546488,0.038685281,0.027894295,0.028906483,0.030103
2013,11,11,Nevada,3,1,13,11,26,13,18,13,12,0.045454545,0.090909091,0.02387723,0.02535845,0.019119083,0.02387723,0.02140081,0.02387723,0.024567105
2013,12,12,Indiana,13,1,21,12,16,17,9,17,13,0.021887461,0.083333333,0.018686985,0.022519846,0.020387545,0.019984372,0.025085833,0.019984372,0.021887461
2013,13,13,Montana,14,1,16,13,10,10,17,9,10,0.019689079,0.076923077,0.018819272,0.02020381,0.022235756,0.022235756,0.018447113,0.023156154,0.022235756
2013,14,14,Alabama,33,1,7,14,20,23,31,11,15,0.014040117,0.071428571,0.023809524,0.018282716,0.016262161,0.015578878,0.014285714,0.019924496,0.017857143
2013,15,15,Virginia,1,1,18,15,24,22,27,16,14,0.066666667,0.066666667,0.015693928,0.016666667,0.014355885,0.014737649,0.01386764,0.016310036,0.017063868
2013,16,16,Texas,31,1,2,16,7,14,2,12,19,0.0125,0.0625,0.03943311,0.015290659,0.020833333,0.015997377,0.03943311,0.016889885,0.014461138
2013,17,17,Missouri,24,1,14,17,18,12,23,15,17,0.012666958,0.058823529,0.015056354,0.014106616,0.013847583,0.015896362,0.012829664,0.014705882,0.014106616
2013,18,18,Idaho,19,1,20,18,14,15,19,19,16,0.012854345,0.055555556,0.012648347,0.013078273,0.01421989,0.013888889,0.012854345,0.012854345,0.013591697
2013,19,19,Colorado,8,1,15,19,16,18,5,14,18,0.016603415,0.052631579,0.013157895,0.012177801,0.012876344,0.012389943,0.020360674,0.013471475,0.012389943
2013,20,20,Ohio,30,1,4,20,9,9,6,20,20,0.010092454,0.05,0.021533828,0.011383512,0.0150515,0.0150515,0.017810359,0.011383512,0.011383512
2013,21,21,Iowa,12,1,19,21,14,16,15,22,21,0.012868484,0.047619048,0.01101801,0.010678277,0.012188477,0.011650026,0.011904762,0.010526892,0.010678277
2013,22,22,Kansas,23,1,28,22,36,19,29,23,22,0.009913831,0.045454545,0.009356674,0.010048397,0.008725396,0.010517192,0.009263411,0.009913831,0.010048397
2013,23,23,South Carolina,20,1,25,23,19,24,12,21,23,0.009898706,0.043478261,0.009249828,0.009482795,0.010059922,0.009362534,0.011749485,0.009749731,0.009482795
2013,24,24,Georgia,10,1,32,24,24,37,16,24,24,0.012044368,0.041666667,0.008259994,0.008972428,0.008972428,0.007939642,0.010193773,0.008972428,0.008972428
2013,25,25,North Carolina,7,1,41,25,29,34,35,27,25,0.013333333,0.04,0.007417961,0.008509842,0.008151802,0.007798361,0.007737056,0.008320584,0.008509842
2013,26,26,Wisconsin,39,1,29,26,38,30,42,36,26,0.007226993,0.038461538,0.007838271,0.008088843,0.007276937,0.007763426,0.007088032,0.007383028,0.008088843
2013,27,27,Washington,9,1,17,27,31,38,32,31,28,0.011149259,0.037037037,0.008881943,0.007704244,0.007407407,0.007007421,0.007342217,0.007407407,0.007623957
2013,28,28,Arizona,35,1,27,28,30,29,25,26,27,0.006908086,0.035714286,0.007429093,0.007351673,0.007208896,0.007278395,0.007598073,0.007511068,0.007429093
2013,29,29,Oregon,38,1,24,29,22,21,13,30,29,0.00652415,0.034482759,0.007425458,0.007027415,0.007622922,0.007732546,0.009056881,0.006960313,0.007027415
2013,30,30,Louisiana,42,1,12,30,32,32,20,25,30,0.006142961,0.033333333,0.009007938,0.006728303,0.006607995,0.006607995,0.007589008,0.007091535,0.006728303
2013,31,31,Minnesota,39,1,23,31,23,20,34,35,31,0.006061349,0.032258065,0.007035622,0.006451613,0.007035622,0.007344202,0.006289001,0.006239561,0.006451613
2013,32,32,Michigan,45,1,42,32,21,36,39,33,32,0.005657581,0.03125,0.005759026,0.006194996,0.00700762,0.00599871,0.005871932,0.006142551,0.006194996
2013,33,33,Maryland,42,1,34,33,43,39,43,32,37,0.00558451,0.03030303,0.005907849,0.005956413,0.005550583,0.005693995,0.005550583,0.006007269,0.005774285
2013,34,34,Arkansas,29,1,31,34,28,25,28,29,33,0.005993972,0.029411765,0.005882353,0.005734089,0.006054319,0.006257237,0.006054319,0.005993972,0.005781224
2013,35,35,Pennsylvania,34,1,36,35,42,44,38,28,36,0.005570258,0.028571429,0.005484535,0.005526469,0.005265395,0.005202511,0.005405725,0.005881338,0.005484535
2013,36,36,Mississippi,46,1,22,36,26,27,36,34,35,0.00500087,0.027777778,0.006140687,0.005332187,0.005841942,0.005778183,0.005332187,0.005415528,0.005372956
2013,37,37,Vermont,26,1,44,37,39,40,41,42,38,0.005684052,0.027027027,0.004921295,0.005150038,0.005078428,0.00504466,0.005012136,0.004980779,0.005113523
2013,38,38,Rhode Island,26,1,37,38,41,33,40,39,41,0.005534472,0.026315789,0.005014511,0.004978957,0.004880237,0.005172675,0.004911906,0.004944785,0.004880237
2013,39,39,New Mexico,6,1,30,39,12,26,7,37,34,0.009133518,0.025641026,0.005175618,0.004817996,0.006929183,0.005392562,0.008547009,0.004885934,0.004998949
2013,40,40,Maine,21,1,38,40,40,31,37,38,40,0.005606096,0.025,0.004730009,0.00466631,0.00466631,0.005,0.004763785,0.004730009,0.00466631
2013,41,41,Delaware,25,1,43,41,32,43,33,41,39,0.005188928,0.024390244,0.004467543,0.004523147,0.004835119,0.004467543,0.004794186,0.004523147,0.004582971
2013,42,42,West Virginia,26,1,35,42,35,35,30,40,42,0.005007379,0.023809524,0.004605391,0.004387829,0.004605391,0.004605391,0.004805931,0.004444105,0.004387829
2013,43,43,California,32,1,49,43,44,50,50,49,43,0.004610229,0.023255814,0.004120554,0.00425975,0.004234602,0.004099801,0.004099801,0.004120554,0.00425975
2013,44,44,New York,36,1,45,44,45,46,46,44,44,0.004362698,0.022727273,0.004114604,0.004138361,0.004114604,0.004091621,0.004091621,0.004138361,0.004138361
2013,45,45,Hawaii,39,1,40,45,36,42,21,43,45,0.004175596,0.022222222,0.004147831,0.004023169,0.004265749,0.004095307,0.004983196,0.004070428,0.004023169
2013,46,46,Connecticut,49,1,46,46,48,45,45,47,47,0.003851822,0.02173913,0.003913724,0.003913724,0.003871817,0.003935709,0.003935709,0.00389244,0.00389244
2013,47,47,Kentucky,42,1,39,47,46,41,44,45,46,0.003921039,0.021276596,0.003997911,0.003809622,0.003830454,0.003945724,0.003874211,0.00385197,0.003830454
2013,48,48,Massachusetts,48,1,47,48,47,47,47,48,48,0.003710492,0.020833333,0.003730255,0.003710492,0.003730255,0.003730255,0.003730255,0.003710492,0.003710492
2013,49,49,New Jersey,47,1,50,49,50,48,48,46,49,0.003654127,0.020408163,0.003597784,0.003615996,0.003597784,0.003634767,0.003634767,0.003674109,0.003615996
2013,50,50,Illinois,50,1,48,50,49,49,49,50,50,0.003525829,0.02,0.003562072,0.003525829,0.003543676,0.003543676,0.003543676,0.003525829,0.003525829
2014,1,1,Nebraska,5,1,8,1,10,7,22,5,1,0.386852807,1,0.315464877,1,0.289064826,0.333333333,0.221064729,0.386852807,1
2014,2,2,Alaska,15,1,1,2,1,1,1,1,2,0.125,0.5,0.5,0.315464877,0.5,0.5,0.5,0.5,0.315464877
2014,3,3,South Dakota,4,1,6,3,6,6,24,2,3,0.143558853,0.333333333,0.118735729,0.166666667,0.118735729,0.118735729,0.071779426,0.210309918,0.166666667
2014,4,4,Oklahoma,17,1,9,6,9,9,11,7,4,0.059953117,0.25,0.075257499,0.089051797,0.075257499,0.075257499,0.069735736,0.083333333,0.10766914
2014,5,5,Wyoming,24,1,5,4,2,2,3,3,6,0.043067656,0.2,0.077370561,0.086135312,0.126185951,0.126185951,0.1,0.1,0.071241437
2014,6,6,North Dakota,19,1,29,7,2,3,4,11,5,0.038563036,0.166666667,0.033965841,0.055555556,0.105154959,0.083333333,0.071779426,0.046490491,0.064475468
2014,7,7,Florida ,7,1,3,8,4,4,5,4,8,0.047619048,0.142857143,0.071428571,0.045066411,0.061525223,0.061525223,0.055264687,0.061525223,0.045066411
2014,8,8,Tennessee,16,1,11,9,13,8,17,8,7,0.030581318,0.125,0.034867868,0.037628749,0.032831192,0.03943311,0.029976558,0.03943311,0.041666667
2014,9,9,Utah,12,1,7,5,5,5,9,6,9,0.030026462,0.111111111,0.037037037,0.042983645,0.042983645,0.042983645,0.033447777,0.039578576,0.033447777
2014,10,10,New Hampshire,1,1,28,11,37,28,29,18,13,0.1,0.1,0.020584683,0.027894295,0.019055141,0.020584683,0.020379505,0.023540891,0.026264954
2014,11,11,Nevada,6,1,14,12,28,13,19,12,12,0.032382472,0.090909091,0.023268911,0.024567105,0.018713348,0.02387723,0.021034383,0.024567105,0.024567105
2014,12,12,Montana,20,1,12,10,6,10,18,10,10,0.018972521,0.083333333,0.022519846,0.024088736,0.029683932,0.024088736,0.019617409,0.024088736,0.024088736
2014,13,13,Indiana,18,1,25,15,15,16,12,22,16,0.018108378,0.076923077,0.016365081,0.019230769,0.019230769,0.018819272,0.02078755,0.017004979,0.018819272
2014,14,14,Texas,33,1,2,19,8,14,2,9,20,0.014040117,0.071428571,0.045066411,0.016527015,0.022533205,0.018282716,0.045066411,0.021502143,0.016262161
2014,15,15,Idaho,21,1,19,14,14,12,16,16,11,0.014949588,0.066666667,0.015425214,0.017063868,0.017063868,0.018015877,0.016310036,0.016310036,0.018596196
2014,16,16,Virginia,3,1,20,13,16,21,33,17,14,0.03125,0.0625,0.014229391,0.016415596,0.015290659,0.014015239,0.012285102,0.014988279,0.015997377
2014,17,17,Missouri,23,1,13,16,17,11,21,14,15,0.012829664,0.058823529,0.015449973,0.014391208,0.014106616,0.016408409,0.013190813,0.015056354,0.014705882
2014,18,18,Alabama,35,1,10,17,24,23,31,13,17,0.010745911,0.055555556,0.016059157,0.013322915,0.011963238,0.012116905,0.011111111,0.014591641,0.013322915
2014,19,19,Colorado,11,1,16,20,22,18,7,15,18,0.014681208,0.052631579,0.012876344,0.011982645,0.011634986,0.012389943,0.01754386,0.013157895,0.012389943
2014,20,20,Ohio,32,1,4,22,11,15,6,20,19,0.009911993,0.05,0.021533828,0.011053236,0.013947147,0.0125,0.017810359,0.011383512,0.011568911
2014,21,21,Kansas,26,1,23,18,38,20,30,21,21,0.010014758,0.047619048,0.010385919,0.011209948,0.009009541,0.01084144,0.009611861,0.010678277,0.010678277
2014,22,22,North Carolina,36,1,41,26,29,31,27,26,25,0.008725396,0.045454545,0.008429501,0.009559542,0.009263411,0.009090909,0.009455209,0.009559542,0.009670275
2014,23,23,Georgia,13,1,30,23,27,33,15,23,24,0.011419545,0.043478261,0.008776047,0.009482795,0.009044113,0.008546158,0.010869565,0.009482795,0.009362534
2014,24,24,South Carolina,22,1,22,21,19,24,13,19,22,0.00921103,0.041666667,0.00921103,0.009343493,0.009640759,0.008972428,0.010943731,0.009640759,0.00921103
2014,25,25,Iowa,8,1,26,25,23,19,14,24,23,0.012618595,0.04,0.008412397,0.008509842,0.008724172,0.009255129,0.010238321,0.008613531,0.008724172
2014,26,26,Arizona,37,1,24,24,30,29,20,27,26,0.0073289,0.038461538,0.008282242,0.008282242,0.007763426,0.007838271,0.008756548,0.008000561,0.008088843
2014,27,27,Washington,10,1,17,28,26,37,26,31,31,0.010706105,0.037037037,0.008881943,0.007623957,0.007789256,0.00705746,0.007789256,0.007407407,0.007407407
2014,28,28,Minnesota,43,1,18,27,12,17,34,34,28,0.006541759,0.035714286,0.008407461,0.007429093,0.009651363,0.008564731,0.006962822,0.006962822,0.007351673
2014,29,29,Arkansas,25,1,31,31,18,25,28,29,27,0.007336071,0.034482759,0.006896552,0.006896552,0.008117549,0.007336071,0.007098167,0.007027415,0.007172917
2014,30,30,Louisiana,39,1,15,30,33,32,23,25,30,0.006263394,0.033333333,0.008333333,0.006728303,0.006552054,0.006607995,0.007270143,0.007091535,0.006728303
2014,31,31,Wisconsin,40,1,34,33,31,26,43,43,33,0.006021046,0.032258065,0.006289001,0.006340698,0.006451613,0.006784191,0.005908686,0.005908686,0.006340698
2014,32,32,Oregon,38,1,21,29,19,22,10,32,29,0.005912511,0.03125,0.00700762,0.006368595,0.007230569,0.006908273,0.009033276,0.006194996,0.006368595
2014,33,33,Michigan,42,1,40,32,32,38,36,30,32,0.00558451,0.03030303,0.005656134,0.006007269,0.006007269,0.005733344,0.005816931,0.006116639,0.006007269
2014,34,34,Maryland,46,1,35,36,43,40,42,33,39,0.005295039,0.029411765,0.005689012,0.005645845,0.005387331,0.005489777,0.00542026,0.005781224,0.005526524
2014,35,35,Pennsylvania,14,1,37,35,42,43,39,28,35,0.007313086,0.028571429,0.005444326,0.005526469,0.005265395,0.005233407,0.005368624,0.005881338,0.005526469
2014,36,36,Mississippi,43,1,27,37,25,27,37,36,34,0.005088035,0.027777778,0.005778183,0.005293095,0.005909613,0.005778183,0.005293095,0.005332187,0.005415528
2014,37,37,Vermont,27,1,44,38,34,39,41,39,38,0.005622016,0.027027027,0.004921295,0.005113523,0.005269163,0.005078428,0.005012136,0.005078428,0.005113523
2014,38,38,Maine,31,1,38,34,41,34,38,35,37,0.005263158,0.026315789,0.004978957,0.005130501,0.004880237,0.005130501,0.004978957,0.005090169,0.005014511
2014,39,39,Rhode Island,27,1,39,41,40,35,40,37,40,0.005333708,0.025641026,0.004817996,0.004755103,0.004785959,0.004959651,0.004785959,0.004885934,0.004785959
2014,40,40,New Mexico,8,1,33,39,19,30,8,40,36,0.007886622,0.025,0.004914041,0.004697546,0.005784455,0.005046227,0.007886622,0.00466631,0.004798968
2014,41,41,New York,2,1,32,40,45,45,46,44,42,0.015388531,0.024390244,0.004835119,0.004552498,0.004415673,0.004415673,0.004391008,0.004441168,0.00449485
2014,42,42,West Virginia,27,1,36,42,38,36,32,38,41,0.004952729,0.023809524,0.004570446,0.004387829,0.00450477,0.004570446,0.004719997,0.00450477,0.004415453
2014,43,43,California,34,1,48,43,44,50,50,45,44,0.004533931,0.023255814,0.004141944,0.00425975,0.004234602,0.004099801,0.004099801,0.004210293,0.004234602
2014,44,44,Delaware,30,1,45,44,35,44,35,42,43,0.004587479,0.022727273,0.004114604,0.004138361,0.004396055,0.004138361,0.004396055,0.004188383,0.004162938
2014,45,45,Hawaii,41,1,42,45,35,41,25,41,45,0.004121089,0.022222222,0.004095307,0.004023169,0.004298365,0.004121089,0.00472769,0.004121089,0.004023169
2014,46,46,New Jersey,45,1,50,48,47,48,48,47,49,0.003935709,0.02173913,0.003832422,0.003871817,0.00389244,0.003871817,0.003871817,0.00389244,0.003851822
2014,47,47,Massachusetts,46,1,47,49,48,47,47,49,47,0.003830454,0.021276596,0.003809622,0.003769869,0.003789438,0.003809622,0.003809622,0.003769869,0.003809622
2014,48,48,Connecticut,49,1,46,47,50,46,45,48,48,0.00369133,0.020833333,0.003750653,0.003730255,0.003672738,0.003750653,0.003771721,0.003710492,0.003710492
2014,49,49,Illinois,50,1,49,50,49,49,49,50,50,0.003597784,0.020408163,0.003615996,0.003597784,0.003615996,0.003615996,0.003615996,0.003597784,0.003597784
2014,50,50,Kentucky,46,1,43,46,46,42,44,46,46,0.003600627,0.02,0.003663385,0.003600627,0.003600627,0.003685777,0.003641758,0.003600627,0.003600627
2015,1,1,Nebraska,3,1,8,1,10,8,16,6,1,0.5,1,0.315464877,1,0.289064826,0.315464877,0.244650542,0.356207187,1
2015,2,2,Oklahoma,12,1,9,3,9,9,9,7,3,0.135119077,0.5,0.150514998,0.25,0.150514998,0.150514998,0.150514998,0.166666667,0.25
2015,3,3,South Dakota,4,1,6,2,6,6,15,3,2,0.143558853,0.333333333,0.118735729,0.210309918,0.118735729,0.118735729,0.083333333,0.166666667,0.210309918
2015,4,4,Tennessee,11,1,11,5,3,7,12,8,5,0.069735736,0.25,0.069735736,0.096713202,0.125,0.083333333,0.067559539,0.078866219,0.096713202
2015,5,5,Florida ,6,1,3,6,2,2,6,2,7,0.071241437,0.2,0.1,0.071241437,0.126185951,0.126185951,0.071241437,0.126185951,0.066666667
2015,6,6,North Dakota,13,1,19,4,1,4,5,17,4,0.043774923,0.166666667,0.038563036,0.071779426,0.166666667,0.071779426,0.064475468,0.039968744,0.071779426
2015,7,7,Wyoming,10,1,5,7,4,3,3,5,6,0.041294975,0.142857143,0.055264687,0.047619048,0.061525223,0.071428571,0.071428571,0.055264687,0.050886741
2015,8,8,Utah,2,1,7,8,5,5,8,9,9,0.078866219,0.125,0.041666667,0.03943311,0.048356601,0.048356601,0.03943311,0.037628749,0.037628749
2015,9,9,Idaho,14,1,16,9,11,10,10,10,8,0.028439781,0.111111111,0.027183394,0.033447777,0.030993661,0.032118314,0.032118314,0.032118314,0.035051653
2015,10,10,Montana,15,1,12,11,6,11,18,11,10,0.025,0.1,0.027023815,0.027894295,0.035620719,0.027894295,0.023540891,0.027894295,0.028906483
2015,11,11,Alaska,16,1,1,21,20,1,1,1,14,0.022240958,0.090909091,0.090909091,0.020385802,0.020697295,0.090909091,0.090909091,0.090909091,0.023268911
2015,12,12,New Hampshire,1,1,28,20,40,31,22,22,19,0.083333333,0.083333333,0.017153903,0.018972521,0.015554368,0.016666667,0.018422061,0.018422061,0.019281518
2015,13,13,Virginia,7,1,21,10,19,18,29,14,13,0.025641026,0.076923077,0.017249525,0.022235756,0.017798324,0.018108378,0.015676542,0.019689079,0.02020381
2015,14,14,Missouri,17,1,14,12,8,12,23,12,11,0.017129462,0.071428571,0.018282716,0.019302725,0.022533205,0.019302725,0.015578878,0.019302725,0.019924496
2015,15,15,North Carolina,30,1,34,18,18,21,13,19,23,0.013456606,0.066666667,0.012997268,0.015693928,0.015693928,0.014949588,0.017509969,0.015425214,0.014540286
2015,16,16,Nevada,5,1,15,15,30,16,19,15,12,0.0241783,0.0625,0.015625,0.015625,0.012615568,0.015290659,0.014461138,0.015625,0.016889885
2015,17,17,Indiana,19,1,33,19,24,22,37,24,20,0.013610483,0.058823529,0.011562449,0.013610483,0.012666958,0.013003808,0.011208907,0.012666958,0.013392368
2015,18,18,Alabama,33,1,10,13,13,20,31,13,15,0.010920091,0.055555556,0.016059157,0.014591641,0.014591641,0.012648347,0.011111111,0.014591641,0.013888889
2015,19,19,Texas,28,1,2,14,12,28,2,4,17,0.010834044,0.052631579,0.033206829,0.013471475,0.014223061,0.010834044,0.033206829,0.022667187,0.012621709
2015,20,20,Georgia,37,1,31,22,23,32,27,21,22,0.009527571,0.05,0.01,0.011053236,0.010905215,0.009911993,0.01040073,0.011212191,0.011053236
2015,21,21,South Carolina,19,1,24,24,22,25,17,18,24,0.01101801,0.047619048,0.010254204,0.010254204,0.010526892,0.010130764,0.011419641,0.011209948,0.010254204
2015,22,22,Kansas,35,1,25,27,35,19,28,23,26,0.008792109,0.045454545,0.009670275,0.009455209,0.008792109,0.010517192,0.009356674,0.009913831,0.009559542
2015,23,23,Colorado,37,1,23,25,26,29,20,20,25,0.008284844,0.043478261,0.009482795,0.009249828,0.009143909,0.008860654,0.009898706,0.009898706,0.009249828
2015,24,24,Oregon,34,1,13,23,14,13,11,26,21,0.008123293,0.041666667,0.010943731,0.009087679,0.010664918,0.010943731,0.011622623,0.008762913,0.009343493
2015,25,25,Wisconsin,9,1,22,28,27,24,32,31,28,0.0120412,0.04,0.008842589,0.008233873,0.008320584,0.008613531,0.007929595,0.008,0.008233873
2015,26,26,Ohio,31,1,4,16,16,14,7,16,16,0.007692308,0.038461538,0.016564483,0.009409636,0.009409636,0.009844539,0.012820513,0.009409636,0.009409636
2015,27,27,Arkansas,18,1,32,17,14,23,21,29,18,0.008718849,0.037037037,0.007342217,0.008881943,0.009479927,0.008077937,0.008305327,0.007547965,0.008718849
2015,28,28,Minnesota,44,1,18,26,17,15,33,34,27,0.006503139,0.035714286,0.008407461,0.007511068,0.008564731,0.008928571,0.007020058,0.006962822,0.007429093
2015,29,29,Iowa,21,1,30,32,25,17,14,25,30,0.007732546,0.034482759,0.006960313,0.006835857,0.007336071,0.008269395,0.008826139,0.007336071,0.006960313
2015,30,30,Arizona,8,1,27,31,29,30,24,28,29,0.010515496,0.033333333,0.00693382,0.006666667,0.006793168,0.006728303,0.007177943,0.006861561,0.006793168
2015,31,31,Washington,50,1,17,29,28,34,26,30,32,0.00568682,0.032258065,0.007735886,0.006574034,0.00664022,0.006289001,0.006784191,0.006511261,0.006394834
2015,32,32,Michigan,37,1,37,30,32,36,38,32,31,0.005954732,0.03125,0.005954732,0.006307784,0.006194996,0.00599871,0.005912511,0.006194996,0.00625
2015,33,33,Maryland,37,1,41,39,45,42,43,38,43,0.005774285,0.03030303,0.005619667,0.005693995,0.005486139,0.00558451,0.005550583,0.005733344,0.005550583
2015,34,34,Maine,27,1,36,34,39,33,39,35,37,0.006118076,0.029411765,0.005645845,0.005734089,0.005526524,0.005781224,0.005526524,0.005689012,0.005604453
2015,35,35,Pennsylvania,43,1,40,44,41,43,42,33,39,0.005233407,0.028571429,0.005332926,0.005202511,0.005298544,0.005233407,0.005265395,0.005616047,0.005368624
2015,36,36,New York,32,1,42,45,37,44,44,37,44,0.005506663,0.027777778,0.005119134,0.005028961,0.005293095,0.005057997,0.005057997,0.005293095,0.005057997
2015,37,37,Louisiana,42,1,20,36,43,39,36,27,35,0.004980779,0.027027027,0.00615325,0.005188074,0.00495052,0.005078428,0.005188074,0.005622016,0.005227741
2015,38,38,Mississippi,44,1,26,33,31,27,34,36,33,0.004791787,0.026315789,0.005534472,0.005172675,0.005263158,0.005474068,0.005130501,0.005051545,0.005172675
2015,39,39,Rhode Island,21,1,38,35,42,37,41,43,40,0.005749842,0.025641026,0.004851291,0.004959651,0.004725355,0.004885934,0.004755103,0.004696647,0.004785959
2015,40,40,Connecticut,48,1,47,38,46,46,46,48,46,0.00445259,0.025,0.004476306,0.004730009,0.004500783,0.004500783,0.004500783,0.00445259,0.004500783
2015,41,41,Delaware,21,1,43,43,33,41,30,40,41,0.005469362,0.024390244,0.004467543,0.004467543,0.004794186,0.004523147,0.004923148,0.004552498,0.004523147
2015,42,42,California,29,1,48,37,44,48,49,39,42,0.004852263,0.023809524,0.004240562,0.004536938,0.004335426,0.004240562,0.004218662,0.004473853,0.004387829
2015,43,43,Hawaii,36,1,39,40,36,38,25,44,36,0.004464156,0.023255814,0.00436981,0.004340754,0.004464156,0.004400008,0.004947583,0.004234602,0.004464156
2015,44,44,Vermont,21,1,44,41,34,40,40,45,38,0.005096451,0.022727273,0.004138361,0.004214751,0.004430887,0.0042421,0.0042421,0.004114604,0.004300008
2015,45,45,West Virginia,21,1,35,46,38,35,35,41,45,0.004983196,0.022222222,0.004298365,0.004000696,0.004204452,0.004298365,0.004298365,0.004121089,0.004023169
2015,46,46,New Mexico,26,1,29,42,21,26,4,42,34,0.004571955,0.02173913,0.004430327,0.004006279,0.004874866,0.004571955,0.009362534,0.004006279,0.00423824
2015,47,47,Kentucky,37,1,45,48,50,45,45,46,47,0.004054285,0.021276596,0.00385197,0.003789438,0.003750882,0.00385197,0.00385197,0.003830454,0.003809622
2015,48,48,Massachusetts,47,1,46,50,47,47,47,47,49,0.003730255,0.020833333,0.003750653,0.003672738,0.003730255,0.003730255,0.003730255,0.003730255,0.00369133
2015,49,49,New Jersey,46,1,50,47,49,49,48,49,48,0.003674109,0.020408163,0.003597784,0.003654127,0.003615996,0.003615996,0.003634767,0.003615996,0.003634767
2015,50,50,Illinois,49,1,49,49,47,50,50,50,50,0.003543676,0.02,0.003543676,0.003543676,0.003581045,0.003525829,0.003525829,0.003525829,0.003525829
2016,1,1,Nebraska,1,1,9,4,16,8,18,6,1,1,1,0.301029996,0.430676558,0.244650542,0.315464877,0.235408913,0.356207187,1
2016,2,2,South Dakota,1,1,6,1,6,5,16,3,2,0.5,0.5,0.178103594,0.5,0.178103594,0.193426404,0.122325271,0.25,0.315464877
2016,3,3,Tennessee,13,1,13,6,5,7,12,7,5,0.087549845,0.333333333,0.087549845,0.118735729,0.128950936,0.111111111,0.090079385,0.111111111,0.128950936
2016,4,4,Florida ,7,1,2,3,1,2,5,2,3,0.083333333,0.25,0.157732438,0.125,0.25,0.157732438,0.096713202,0.157732438,0.125
2016,5,5,Oklahoma,12,1,14,2,22,13,11,12,4,0.054047631,0.2,0.051191605,0.126185951,0.044212946,0.052529907,0.055788589,0.054047631,0.086135312
2016,6,6,Wyoming,14,1,4,8,11,3,3,5,8,0.042659671,0.166666667,0.071779426,0.052577479,0.046490491,0.083333333,0.083333333,0.064475468,0.052577479
2016,7,7,Idaho,15,1,12,7,2,9,13,8,6,0.035714286,0.142857143,0.038605451,0.047619048,0.090132822,0.043004285,0.037521362,0.045066411,0.050886741
2016,8,8,Utah,4,1,8,13,9,4,9,9,11,0.05383457,0.125,0.03943311,0.032831192,0.037628749,0.05383457,0.037628749,0.037628749,0.034867868
2016,9,9,North Carolina,32,1,34,16,13,16,8,18,19,0.022026651,0.111111111,0.021662114,0.027183394,0.029183282,0.027183394,0.035051653,0.026156546,0.02570869
2016,10,10,Nevada,6,1,19,11,29,12,15,14,12,0.035620719,0.1,0.023137821,0.027894295,0.020379505,0.027023815,0.025,0.025595802,0.027023815
2016,11,11,Alaska,17,1,1,21,21,1,1,1,15,0.021801133,0.090909091,0.090909091,0.020385802,0.020385802,0.090909091,0.090909091,0.090909091,0.022727273
2016,12,12,New Hampshire,5,1,30,12,34,27,20,20,20,0.032237734,0.083333333,0.016820757,0.022519846,0.016246585,0.01733455,0.018972521,0.018972521,0.018972521
2016,13,13,Virginia,1,1,25,9,20,22,28,17,14,0.076923077,0.076923077,0.016365081,0.023156154,0.017513096,0.017004979,0.015834372,0.018447113,0.019689079
2016,14,14,Alabama,9,1,10,10,8,19,30,10,13,0.021502143,0.071428571,0.020647488,0.020647488,0.022533205,0.016527015,0.014417792,0.020647488,0.018760681
2016,15,15,Missouri,19,1,15,17,7,11,26,11,10,0.015425214,0.066666667,0.016666667,0.015987498,0.022222222,0.018596196,0.014020661,0.018596196,0.019270988
2016,16,16,Montana,16,1,11,14,2,10,19,13,9,0.015290659,0.0625,0.017433934,0.015997377,0.03943311,0.018066552,0.014461138,0.016415596,0.018814375
2016,17,17,Kansas,40,1,27,28,36,25,31,25,30,0.010979554,0.058823529,0.012236153,0.012108637,0.011291689,0.012514474,0.011764706,0.012514474,0.011873476
2016,18,18,Georgia,10,1,23,15,14,24,22,19,16,0.016059157,0.055555556,0.012116905,0.013888889,0.01421989,0.011963238,0.012281374,0.012854345,0.013591697
2016,19,19,North Dakota,20,1,7,5,4,6,4,22,7,0.011982645,0.052631579,0.01754386,0.020360674,0.022667187,0.018747747,0.022667187,0.011634986,0.01754386
2016,20,20,South Carolina,23,1,21,18,19,21,14,16,18,0.010905215,0.05,0.011212191,0.011770446,0.011568911,0.011212191,0.012797901,0.012232527,0.011770446
2016,21,21,Indiana,28,1,33,22,35,29,36,23,26,0.00980223,0.047619048,0.009360078,0.010526892,0.009210781,0.009704526,0.009140891,0.010385919,0.010014758
2016,22,22,Texas,30,1,3,23,15,34,2,4,25,0.009174958,0.045454545,0.022727273,0.009913831,0.011363636,0.008861774,0.028678625,0.019576207,0.009670275
2016,23,23,Ohio,33,1,5,19,12,15,7,15,17,0.008546158,0.043478261,0.016819687,0.010059922,0.011749485,0.010869565,0.014492754,0.010869565,0.010426629
2016,24,24,Minnesota,39,1,18,24,10,14,34,33,23,0.007829243,0.041666667,0.009808705,0.008972428,0.012044368,0.010664918,0.008123293,0.008190068,0.009087679
2016,25,25,Arkansas,21,1,31,20,17,20,25,30,21,0.008969753,0.04,0.008,0.00910681,0.009592499,0.00910681,0.008509842,0.008073963,0.008969753
2016,26,26,Wisconsin,8,1,22,29,26,23,33,31,27,0.012133264,0.038461538,0.00850249,0.007838271,0.008088843,0.008388627,0.007560063,0.007692308,0.008000561
2016,27,27,Arizona,35,1,28,32,25,31,24,26,28,0.007163941,0.037037037,0.007623957,0.007342217,0.007879483,0.007407407,0.007975492,0.007789256,0.007623957
2016,28,28,Colorado,41,1,26,27,32,28,23,21,24,0.006623179,0.035714286,0.007511068,0.007429093,0.007079995,0.007351673,0.007789439,0.008008708,0.007690653
2016,29,29,Iowa,24,1,32,33,24,18,17,24,31,0.007425458,0.034482759,0.006835857,0.006777987,0.007425458,0.008117549,0.008269395,0.007425458,0.006896552
2016,30,30,Washington,11,1,17,26,23,33,27,29,29,0.009298098,0.033333333,0.007993749,0.007010331,0.007270143,0.006552054,0.00693382,0.006793168,0.006793168
2016,31,31,Oregon,34,1,16,25,18,17,10,28,22,0.006289001,0.032258065,0.007891953,0.006862776,0.007593836,0.007735886,0.009324672,0.00664022,0.00713112
2016,32,32,Michigan,41,1,37,35,31,37,40,34,36,0.005795282,0.03125,0.005954732,0.006044575,0.00625,0.005954732,0.005832888,0.006092469,0.00599871
2016,33,33,Maryland,41,1,41,37,45,41,44,39,40,0.005619667,0.03030303,0.005619667,0.005774285,0.005486139,0.005619667,0.005517815,0.005693995,0.005656134
2016,34,34,Maine,24,1,35,39,37,32,37,37,39,0.006333479,0.029411765,0.005689012,0.005526524,0.005604453,0.005830584,0.005604453,0.005604453,0.005526524
2016,35,35,Pennsylvania,46,1,40,43,38,43,42,32,38,0.005143752,0.028571429,0.005332926,0.005233407,0.005405725,0.005233407,0.005265395,0.005663996,0.005405725
2016,36,36,Mississippi,36,1,29,31,27,26,32,38,34,0.005332187,0.027777778,0.005660974,0.005555556,0.005778183,0.005841942,0.005506663,0.005255566,0.005415528
2016,37,37,Louisiana,44,1,24,34,40,39,38,27,37,0.004921295,0.027027027,0.005819953,0.005269163,0.00504466,0.005078428,0.005113523,0.005622016,0.005150038
2016,38,38,Hawaii,47,1,39,36,30,35,21,45,35,0.004711901,0.026315789,0.004944785,0.005051545,0.005311818,0.005090169,0.005901153,0.004764279,0.005090169
2016,39,39,Vermont,18,1,42,30,33,36,39,43,32,0.006036126,0.025641026,0.004725355,0.005175618,0.005040042,0.004922018,0.004817996,0.004696647,0.005083073
2016,40,40,Rhode Island,24,1,38,40,39,38,41,44,42,0.005383457,0.025,0.004730009,0.00466631,0.004697546,0.004730009,0.004636226,0.004552198,0.004607221
2016,41,41,New York,38,1,43,44,41,44,43,36,43,0.004614643,0.024390244,0.004467543,0.004441168,0.004523147,0.004441168,0.004467543,0.00468192,0.004467543
2016,42,42,California,31,1,48,42,44,48,48,35,44,0.004761905,0.023809524,0.004240562,0.004387829,0.004335426,0.004240562,0.004240562,0.004605391,0.004335426
2016,43,43,West Virginia,24,1,36,45,42,40,35,42,45,0.005007867,0.023255814,0.004464156,0.004210293,0.004285787,0.004340754,0.004498288,0.004285787,0.004210293
2016,44,44,Delaware,28,1,44,48,42,42,29,41,46,0.004678337,0.022727273,0.004138361,0.004047809,0.004188383,0.004188383,0.004631706,0.004214751,0.004091621
2016,45,45,New Mexico,22,1,20,38,28,30,6,40,33,0.00491255,0.022222222,0.005059339,0.004204452,0.004574374,0.004485535,0.007915715,0.004147831,0.004368036
2016,46,46,Kentucky,44,1,45,47,47,45,45,46,47,0.003958433,0.02173913,0.003935709,0.00389244,0.00389244,0.003935709,0.003935709,0.003913724,0.00389244
2016,47,47,Massachusetts,48,1,47,49,48,47,47,48,48,0.003789438,0.021276596,0.003809622,0.003769869,0.003789438,0.003809622,0.003809622,0.003789438,0.003789438
2016,48,48,New Jersey,50,1,50,41,46,49,49,49,41,0.003672738,0.020833333,0.003672738,0.003863521,0.003750653,0.00369133,0.00369133,0.00369133,0.003863521
2016,49,49,Connecticut,49,1,46,46,50,46,46,50,49,0.003615996,0.020408163,0.003674109,0.003674109,0.003597784,0.003674109,0.003674109,0.003597784,0.003615996
2016,50,50,Illinois,37,1,49,50,48,50,50,47,50,0.003811028,0.02,0.003543676,0.003525829,0.003562072,0.003525829,0.003525829,0.003581045,0.003525829